Screen,Section,Exact UI label,Angular component,Control/property,Visibility condition,Editable/read-only,Required/optional,Unit,Permission,HTTP endpoint,API field,Backend schema,Service,Model,Table,Column,Source type,Validation,Stale effect,Guide link
cbam-shell.component,cbam-shell.component.html,[display:status-line],cbam-shell.component.html,"class=""status-line""",conditional-css,read-only,n/a,—,cbam:view,GET …/module-status,—,n/a,CbamModuleStatusService,—,DERIVED_STATUS,UI_STATUS,DERIVED_STATUS,n/a-display-or-derived,may reflect stale,user-guide/README.md
cbam-shell.component,cbam-shell.component.html,[display:status-line status-error],cbam-shell.component.html,"class=""status-line status-error""",conditional-css,read-only,n/a,—,cbam:view,GET …/module-status,—,n/a,CbamModuleStatusService,—,DERIVED_STATUS,UI_STATUS,DERIVED_STATUS,n/a-display-or-derived,may reflect stale,user-guide/README.md
cbam-shell.component,cbam-shell.component.html,[display:status-panel],cbam-shell.component.html,"class=""status-panel""",conditional-css,read-only,n/a,—,cbam:view,GET …/module-status,—,n/a,CbamModuleStatusService,—,DERIVED_STATUS,UI_STATUS,DERIVED_STATUS,n/a-display-or-derived,may reflect stale,user-guide/README.md
cbam-shell.component,cbam-shell.component.html,[display:status-kicker],cbam-shell.component.html,"class=""status-kicker""",conditional-css,read-only,n/a,—,cbam:view,GET …/module-status,—,n/a,CbamModuleStatusService,—,DERIVED_STATUS,UI_STATUS,DERIVED_STATUS,n/a-display-or-derived,may reflect stale,user-guide/README.md
cbam-shell.component,cbam-shell.component.html,[display:status-message],cbam-shell.component.html,"class=""status-message""",conditional-css,read-only,n/a,—,cbam:view,GET …/module-status,—,n/a,CbamModuleStatusService,—,DERIVED_STATUS,UI_STATUS,DERIVED_STATUS,n/a-display-or-derived,may reflect stale,user-guide/README.md
cbam-shell.component,cbam-shell.component.html,[display:status-facts],cbam-shell.component.html,"class=""status-facts""",conditional-css,read-only,n/a,—,cbam:view,GET …/module-status,—,n/a,CbamModuleStatusService,—,DERIVED_STATUS,UI_STATUS,DERIVED_STATUS,n/a-display-or-derived,may reflect stale,user-guide/README.md
direct-emissions-allocation,direct-emissions-allocation/direct-emissions-allocation.component.html,created,direct-emissions-allocation/direct-emissions-allocation.component.html,table-column:created,when-rows,read-only-display,n/a,datetime,cbam:view,n/a-ui-only,created,n/a,CbamDirectEmissionsAllocationService,—,NOT_PERSISTED,created,NOT_PERSISTED,no-matching-column,none-or-row-version-conflict,user-guide/12-*.md
direct-emissions-allocation,direct-emissions-allocation/direct-emissions-allocation.component.html,status,direct-emissions-allocation/direct-emissions-allocation.component.html,table-column:status,when-rows,read-only-display,n/a,—,cbam:view,POST …/direct-emissions-allocation/executions; GET readiness|summary|results,status,CbamDirectEmissionsAllocationResult ORM / API DTO,CbamDirectEmissionsAllocationService,CbamDirectEmissionsAllocationResult,cbam_direct_emissions_allocation_results,status,DERIVED_STATUS,server-authoritative,none-or-row-version-conflict,user-guide/12-*.md
direct-emissions-allocation,direct-emissions-allocation/direct-emissions-allocation.component.html,cbam,direct-emissions-allocation/direct-emissions-allocation.component.html,table-column:cbam,when-rows,read-only-display,n/a,—,cbam:view,n/a-ui-only,cbam,n/a,CbamDirectEmissionsAllocationService,—,NOT_PERSISTED,cbam,NOT_PERSISTED,no-matching-column,none-or-row-version-conflict,user-guide/12-*.md
direct-emissions-allocation,direct-emissions-allocation/direct-emissions-allocation.component.html,allocated,direct-emissions-allocation/direct-emissions-allocation.component.html,table-column:allocated,when-rows,read-only-display,n/a,—,cbam:view,POST …/direct-emissions-allocation/executions; GET readiness|summary|results,allocated,n/a,CbamDirectEmissionsAllocationService,—,NOT_PERSISTED,allocated,NOT_PERSISTED,no-matching-column,stale-until-recalculate-or-new-execution,user-guide/12-*.md
direct-emissions-allocation,direct-emissions-allocation/direct-emissions-allocation.component.html,balance,direct-emissions-allocation/direct-emissions-allocation.component.html,table-column:balance,when-rows,read-only-display,n/a,—,cbam:view,POST …/direct-emissions-allocation/executions; GET readiness|summary|results,balance,n/a,CbamDirectEmissionsAllocationService,—,NOT_PERSISTED,balance,NOT_PERSISTED,no-matching-column,may-reflect-stale-upstream,user-guide/12-*.md
direct-emissions-allocation,direct-emissions-allocation/direct-emissions-allocation.component.html,actions,direct-emissions-allocation/direct-emissions-allocation.component.html,table-column:actions,when-rows,read-only-display,n/a,—,cbam:view,n/a-ui-only,actions,n/a,CbamDirectEmissionsAllocationService,—,NOT_PERSISTED,actions,NOT_PERSISTED,no-matching-column,none-or-row-version-conflict,user-guide/12-*.md
direct-emissions-allocation,direct-emissions-allocation/direct-emissions-allocation.component.html,[display:surface-card readiness-section],direct-emissions-allocation/direct-emissions-allocation.component.html,"class=""surface-card readiness-section""",conditional-css,read-only,n/a,—,cbam:view,POST …/direct-emissions-allocation/executions; GET readiness|summary|results,—,n/a,CbamDirectEmissionsAllocationService,—,NOT_PERSISTED,UI_STATUS,NOT_PERSISTED,n/a-display-or-derived,may reflect stale,user-guide/12-*.md
direct-emissions-allocation,direct-emissions-allocation/direct-emissions-allocation.component.html,[display:readiness-status],direct-emissions-allocation/direct-emissions-allocation.component.html,"class=""readiness-status""",conditional-css,read-only,n/a,—,cbam:view,POST …/direct-emissions-allocation/executions; GET readiness|summary|results,—,n/a,CbamDirectEmissionsAllocationService,—,NOT_PERSISTED,UI_STATUS,NOT_PERSISTED,n/a-display-or-derived,may reflect stale,user-guide/12-*.md
direct-emissions-allocation,direct-emissions-allocation/direct-emissions-allocation.component.html,[display:status-text],direct-emissions-allocation/direct-emissions-allocation.component.html,"class=""status-text""",conditional-css,read-only,n/a,—,cbam:view,POST …/direct-emissions-allocation/executions; GET readiness|summary|results,—,n/a,CbamDirectEmissionsAllocationService,—,NOT_PERSISTED,UI_STATUS,NOT_PERSISTED,n/a-display-or-derived,may reflect stale,user-guide/12-*.md
direct-emissions-allocation,direct-emissions-allocation/direct-emissions-allocation.component.html,[display:readiness-message],direct-emissions-allocation/direct-emissions-allocation.component.html,"class=""readiness-message""",conditional-css,read-only,n/a,—,cbam:view,POST …/direct-emissions-allocation/executions; GET readiness|summary|results,—,n/a,CbamDirectEmissionsAllocationService,—,NOT_PERSISTED,UI_STATUS,NOT_PERSISTED,n/a-display-or-derived,may reflect stale,user-guide/12-*.md
direct-emissions-allocation,direct-emissions-allocation/direct-emissions-allocation.component.html,[display:readonly-grid readiness-grid],direct-emissions-allocation/direct-emissions-allocation.component.html,"class=""readonly-grid readiness-grid""",conditional-css,read-only,n/a,—,cbam:view,POST …/direct-emissions-allocation/executions; GET readiness|summary|results,—,n/a,CbamDirectEmissionsAllocationService,—,NOT_PERSISTED,UI_STATUS,NOT_PERSISTED,n/a-display-or-derived,may reflect stale,user-guide/12-*.md
direct-emissions-allocation,direct-emissions-allocation/direct-emissions-allocation.component.html,[display:detail-status status-text],direct-emissions-allocation/direct-emissions-allocation.component.html,"class=""detail-status status-text""",conditional-css,read-only,n/a,—,cbam:view,POST …/direct-emissions-allocation/executions; GET readiness|summary|results,—,n/a,CbamDirectEmissionsAllocationService,—,NOT_PERSISTED,UI_STATUS,NOT_PERSISTED,n/a-display-or-derived,may reflect stale,user-guide/12-*.md
indirect-emissions-allocation,indirect-emissions-allocation/indirect-emissions-allocation.component.html,created,indirect-emissions-allocation/indirect-emissions-allocation.component.html,table-column:created,when-rows,read-only-display,n/a,datetime,cbam:view,n/a-ui-only,created,n/a,CbamIndirectEmissionsAllocationService,—,NOT_PERSISTED,created,NOT_PERSISTED,no-matching-column,none-or-row-version-conflict,user-guide/12-*.md
indirect-emissions-allocation,indirect-emissions-allocation/indirect-emissions-allocation.component.html,status,indirect-emissions-allocation/indirect-emissions-allocation.component.html,table-column:status,when-rows,read-only-display,n/a,—,cbam:view,POST …/indirect-emissions-allocation/executions; GET readiness|summary|results,status,CbamIndirectEmissionsAllocationResult ORM / API DTO,CbamIndirectEmissionsAllocationService,CbamIndirectEmissionsAllocationResult,cbam_indirect_emissions_allocation_results,status,DERIVED_STATUS,server-authoritative,none-or-row-version-conflict,user-guide/12-*.md
indirect-emissions-allocation,indirect-emissions-allocation/indirect-emissions-allocation.component.html,cbam,indirect-emissions-allocation/indirect-emissions-allocation.component.html,table-column:cbam,when-rows,read-only-display,n/a,—,cbam:view,n/a-ui-only,cbam,n/a,CbamIndirectEmissionsAllocationService,—,NOT_PERSISTED,cbam,NOT_PERSISTED,no-matching-column,none-or-row-version-conflict,user-guide/12-*.md
indirect-emissions-allocation,indirect-emissions-allocation/indirect-emissions-allocation.component.html,allocated,indirect-emissions-allocation/indirect-emissions-allocation.component.html,table-column:allocated,when-rows,read-only-display,n/a,—,cbam:view,POST …/indirect-emissions-allocation/executions; GET readiness|summary|results,allocated,n/a,CbamIndirectEmissionsAllocationService,—,NOT_PERSISTED,allocated,NOT_PERSISTED,no-matching-column,stale-until-recalculate-or-new-execution,user-guide/12-*.md
indirect-emissions-allocation,indirect-emissions-allocation/indirect-emissions-allocation.component.html,balance,indirect-emissions-allocation/indirect-emissions-allocation.component.html,table-column:balance,when-rows,read-only-display,n/a,—,cbam:view,POST …/indirect-emissions-allocation/executions; GET readiness|summary|results,balance,n/a,CbamIndirectEmissionsAllocationService,—,NOT_PERSISTED,balance,NOT_PERSISTED,no-matching-column,may-reflect-stale-upstream,user-guide/12-*.md
indirect-emissions-allocation,indirect-emissions-allocation/indirect-emissions-allocation.component.html,actions,indirect-emissions-allocation/indirect-emissions-allocation.component.html,table-column:actions,when-rows,read-only-display,n/a,—,cbam:view,n/a-ui-only,actions,n/a,CbamIndirectEmissionsAllocationService,—,NOT_PERSISTED,actions,NOT_PERSISTED,no-matching-column,none-or-row-version-conflict,user-guide/12-*.md
indirect-emissions-allocation,indirect-emissions-allocation/indirect-emissions-allocation.component.html,[display:surface-card readiness-section],indirect-emissions-allocation/indirect-emissions-allocation.component.html,"class=""surface-card readiness-section""",conditional-css,read-only,n/a,—,cbam:view,POST …/indirect-emissions-allocation/executions; GET readiness|summary|results,—,n/a,CbamIndirectEmissionsAllocationService,—,NOT_PERSISTED,UI_STATUS,NOT_PERSISTED,n/a-display-or-derived,may reflect stale,user-guide/12-*.md
indirect-emissions-allocation,indirect-emissions-allocation/indirect-emissions-allocation.component.html,[display:readiness-status],indirect-emissions-allocation/indirect-emissions-allocation.component.html,"class=""readiness-status""",conditional-css,read-only,n/a,—,cbam:view,POST …/indirect-emissions-allocation/executions; GET readiness|summary|results,—,n/a,CbamIndirectEmissionsAllocationService,—,NOT_PERSISTED,UI_STATUS,NOT_PERSISTED,n/a-display-or-derived,may reflect stale,user-guide/12-*.md
indirect-emissions-allocation,indirect-emissions-allocation/indirect-emissions-allocation.component.html,[display:status-text],indirect-emissions-allocation/indirect-emissions-allocation.component.html,"class=""status-text""",conditional-css,read-only,n/a,—,cbam:view,POST …/indirect-emissions-allocation/executions; GET readiness|summary|results,—,n/a,CbamIndirectEmissionsAllocationService,—,NOT_PERSISTED,UI_STATUS,NOT_PERSISTED,n/a-display-or-derived,may reflect stale,user-guide/12-*.md
indirect-emissions-allocation,indirect-emissions-allocation/indirect-emissions-allocation.component.html,[display:readiness-message],indirect-emissions-allocation/indirect-emissions-allocation.component.html,"class=""readiness-message""",conditional-css,read-only,n/a,—,cbam:view,POST …/indirect-emissions-allocation/executions; GET readiness|summary|results,—,n/a,CbamIndirectEmissionsAllocationService,—,NOT_PERSISTED,UI_STATUS,NOT_PERSISTED,n/a-display-or-derived,may reflect stale,user-guide/12-*.md
indirect-emissions-allocation,indirect-emissions-allocation/indirect-emissions-allocation.component.html,[display:readonly-grid readiness-grid],indirect-emissions-allocation/indirect-emissions-allocation.component.html,"class=""readonly-grid readiness-grid""",conditional-css,read-only,n/a,—,cbam:view,POST …/indirect-emissions-allocation/executions; GET readiness|summary|results,—,n/a,CbamIndirectEmissionsAllocationService,—,NOT_PERSISTED,UI_STATUS,NOT_PERSISTED,n/a-display-or-derived,may reflect stale,user-guide/12-*.md
indirect-emissions-allocation,indirect-emissions-allocation/indirect-emissions-allocation.component.html,[display:detail-status status-text],indirect-emissions-allocation/indirect-emissions-allocation.component.html,"class=""detail-status status-text""",conditional-css,read-only,n/a,—,cbam:view,POST …/indirect-emissions-allocation/executions; GET readiness|summary|results,—,n/a,CbamIndirectEmissionsAllocationService,—,NOT_PERSISTED,UI_STATUS,NOT_PERSISTED,n/a-display-or-derived,may reflect stale,user-guide/12-*.md
installation-detail.component,installation-detail.component.html,Name,installation-detail.component.html,formControlName=name,template-present,editable-if-configure,optional/unknown,—,cbam:configure for writes / cbam:view for reads,GET|PATCH …/installations/{id}; POST …/activate|archive,name,InstallationUpdate,CbamInstallationService,CbamInstallationProfile,cbam_installation_profiles,name,USER_INPUT,required,none-or-row-version-conflict,user-guide/README.md
installation-detail.component,installation-detail.component.html,Timezone,installation-detail.component.html,formControlName=timezone,template-present,editable-if-configure,optional/unknown,IANA tz,cbam:configure for writes / cbam:view for reads,GET|PATCH …/installations/{id}; POST …/activate|archive,timezone,InstallationUpdate,CbamInstallationService,CbamInstallationProfile,cbam_installation_profiles,timezone,USER_INPUT,required,none-or-row-version-conflict,user-guide/README.md
installation-detail.component,installation-detail.component.html,Operator ID,installation-detail.component.html,formControlName=operatorIdentityRef,template-present,editable-if-configure,optional/unknown,—,cbam:configure for writes / cbam:view for reads,GET|PATCH …/installations/{id}; POST …/activate|archive,operatorIdentityRef,InstallationUpdate,CbamInstallationService,CbamInstallationProfile,cbam_installation_profiles,operator_identity_ref,USER_INPUT,optional,none-or-row-version-conflict,user-guide/README.md
installation-detail.component,installation-detail.component.html,Name,installation-detail.component.html,mat-label,template-present,label,n/a,—,cbam:view,n/a-ui-only,—,n/a,CbamInstallationService,—,NOT_PERSISTED,UI_ONLY,NOT_PERSISTED,n/a-display-or-derived,none-or-row-version-conflict,user-guide/README.md
installation-detail.component,installation-detail.component.html,Timezone,installation-detail.component.html,mat-label,template-present,label,n/a,—,cbam:view,n/a-ui-only,—,n/a,CbamInstallationService,—,NOT_PERSISTED,UI_ONLY,NOT_PERSISTED,n/a-display-or-derived,none-or-row-version-conflict,user-guide/README.md
installation-detail.component,installation-detail.component.html,Operator ID,installation-detail.component.html,mat-label,template-present,label,n/a,—,cbam:view,n/a-ui-only,—,n/a,CbamInstallationService,—,NOT_PERSISTED,UI_ONLY,NOT_PERSISTED,n/a-display-or-derived,none-or-row-version-conflict,user-guide/README.md
installation-form.component,installation-form.component.html,Facility,installation-form.component.html,formControlName=facilityId,template-present,editable-if-configure,optional/unknown,—,cbam:configure for writes / cbam:view for reads,POST …/installations,facilityId,InstallationCreate,CbamInstallationService,CbamInstallationProfile,cbam_installation_profiles,facility_id,USER_INPUT,required FK,none-or-row-version-conflict,user-guide/README.md
installation-form.component,installation-form.component.html,Code,installation-form.component.html,formControlName=code,template-present,editable-if-configure,optional/unknown,—,cbam:configure for writes / cbam:view for reads,POST …/installations,code,InstallationCreate,CbamInstallationService,CbamInstallationProfile,cbam_installation_profiles,code,USER_INPUT,required; unique per organization,none-or-row-version-conflict,user-guide/README.md
installation-form.component,installation-form.component.html,Name,installation-form.component.html,formControlName=name,template-present,editable-if-configure,optional/unknown,—,cbam:configure for writes / cbam:view for reads,POST …/installations,name,InstallationCreate,CbamInstallationService,CbamInstallationProfile,cbam_installation_profiles,name,USER_INPUT,required,none-or-row-version-conflict,user-guide/README.md
installation-form.component,installation-form.component.html,Timezone,installation-form.component.html,formControlName=timezone,template-present,editable-if-configure,optional/unknown,IANA tz,cbam:configure for writes / cbam:view for reads,POST …/installations,timezone,InstallationCreate,CbamInstallationService,CbamInstallationProfile,cbam_installation_profiles,timezone,USER_INPUT,required,none-or-row-version-conflict,user-guide/README.md
installation-form.component,installation-form.component.html,Operator ID (optional),installation-form.component.html,formControlName=operatorIdentityRef,template-present,editable-if-configure,optional/unknown,—,cbam:configure for writes / cbam:view for reads,POST …/installations,operatorIdentityRef,InstallationCreate,CbamInstallationService,CbamInstallationProfile,cbam_installation_profiles,operator_identity_ref,USER_INPUT,optional,none-or-row-version-conflict,user-guide/README.md
installation-form.component,installation-form.component.html,Facility,installation-form.component.html,mat-label,template-present,label,n/a,—,cbam:view,n/a-ui-only,—,n/a,CbamInstallationService,—,NOT_PERSISTED,UI_ONLY,NOT_PERSISTED,n/a-display-or-derived,none-or-row-version-conflict,user-guide/README.md
installation-form.component,installation-form.component.html,Code,installation-form.component.html,mat-label,template-present,label,n/a,—,cbam:view,n/a-ui-only,—,n/a,CbamInstallationService,—,NOT_PERSISTED,UI_ONLY,NOT_PERSISTED,n/a-display-or-derived,none-or-row-version-conflict,user-guide/README.md
installation-form.component,installation-form.component.html,Name,installation-form.component.html,mat-label,template-present,label,n/a,—,cbam:view,n/a-ui-only,—,n/a,CbamInstallationService,—,NOT_PERSISTED,UI_ONLY,NOT_PERSISTED,n/a-display-or-derived,none-or-row-version-conflict,user-guide/README.md
installation-form.component,installation-form.component.html,Timezone,installation-form.component.html,mat-label,template-present,label,n/a,—,cbam:view,n/a-ui-only,—,n/a,CbamInstallationService,—,NOT_PERSISTED,UI_ONLY,NOT_PERSISTED,n/a-display-or-derived,none-or-row-version-conflict,user-guide/README.md
installation-form.component,installation-form.component.html,Operator ID (optional),installation-form.component.html,mat-label,template-present,label,n/a,—,cbam:view,n/a-ui-only,—,n/a,CbamInstallationService,—,NOT_PERSISTED,UI_ONLY,NOT_PERSISTED,n/a-display-or-derived,none-or-row-version-conflict,user-guide/README.md
installation-list.component,installation-list.component.html,Search,installation-list.component.html,formControlName=search,template-present,editable-if-configure,optional/unknown,—,cbam:configure for writes / cbam:view for reads,n/a-ui-only,search,n/a,CbamInstallationService,—,NOT_PERSISTED,search,NOT_PERSISTED,no-matching-column,none-or-row-version-conflict,user-guide/README.md
installation-list.component,installation-list.component.html,Status,installation-list.component.html,formControlName=status,template-present,editable-if-configure,optional/unknown,—,cbam:configure for writes / cbam:view for reads,GET …/installations,status,CbamInstallationProfile ORM / API DTO,CbamInstallationService,CbamInstallationProfile,cbam_installation_profiles,status,USER_INPUT,server-schema,none-or-row-version-conflict,user-guide/README.md
installation-list.component,installation-list.component.html,code,installation-list.component.html,table-column:code,when-rows,read-only-display,n/a,—,cbam:view,GET …/installations,code,CbamInstallationProfile ORM / API DTO,CbamInstallationService,CbamInstallationProfile,cbam_installation_profiles,code,USER_INPUT,server-schema,none-or-row-version-conflict,user-guide/README.md
installation-list.component,installation-list.component.html,name,installation-list.component.html,table-column:name,when-rows,read-only-display,n/a,—,cbam:view,GET …/installations,name,CbamInstallationProfile ORM / API DTO,CbamInstallationService,CbamInstallationProfile,cbam_installation_profiles,name,USER_INPUT,server-schema,none-or-row-version-conflict,user-guide/README.md
installation-list.component,installation-list.component.html,status,installation-list.component.html,table-column:status,when-rows,read-only-display,n/a,—,cbam:view,GET …/installations,status,CbamInstallationProfile ORM / API DTO,CbamInstallationService,CbamInstallationProfile,cbam_installation_profiles,status,USER_INPUT,server-schema,none-or-row-version-conflict,user-guide/README.md
installation-list.component,installation-list.component.html,timezone,installation-list.component.html,table-column:timezone,when-rows,read-only-display,n/a,—,cbam:view,GET …/installations,timezone,CbamInstallationProfile ORM / API DTO,CbamInstallationService,CbamInstallationProfile,cbam_installation_profiles,timezone,USER_INPUT,server-schema,none-or-row-version-conflict,user-guide/README.md
installation-list.component,installation-list.component.html,actions,installation-list.component.html,table-column:actions,when-rows,read-only-display,n/a,—,cbam:view,n/a-ui-only,actions,n/a,CbamInstallationService,—,NOT_PERSISTED,actions,NOT_PERSISTED,no-matching-column,none-or-row-version-conflict,user-guide/README.md
installation-list.component,installation-list.component.html,Search,installation-list.component.html,mat-label,template-present,label,n/a,—,cbam:view,n/a-ui-only,—,n/a,CbamInstallationService,—,NOT_PERSISTED,UI_ONLY,NOT_PERSISTED,n/a-display-or-derived,none-or-row-version-conflict,user-guide/README.md
installation-list.component,installation-list.component.html,Status,installation-list.component.html,mat-label,template-present,label,n/a,—,cbam:view,n/a-ui-only,—,n/a,CbamInstallationService,—,NOT_PERSISTED,UI_ONLY,NOT_PERSISTED,n/a-display-or-derived,none-or-row-version-conflict,user-guide/README.md
monthly-allocation-data,monthly-allocation-data/monthly-allocation-data.component.html,Total production,monthly-allocation-data/monthly-allocation-data.component.html,formControlName=totalProductionQuantity,template-present,editable-if-configure,optional/unknown,t,cbam:configure for writes / cbam:view for reads,GET|POST|PATCH|DELETE …/monthly-production-basis,totalProductionQuantity,MonthlyProductionBasisUpsert,CbamMonthlyProductionBasisService,CbamMonthlyProductionBasis,cbam_monthly_production_basis,total_production_quantity,USER_INPUT,required > 0,none-or-row-version-conflict,user-guide/05-*.md
monthly-allocation-data,monthly-allocation-data/monthly-allocation-data.component.html,Amount sent to the importer,monthly-allocation-data/monthly-allocation-data.component.html,formControlName=cbamQuantity,template-present,editable-if-configure,optional/unknown,t,cbam:configure for writes / cbam:view for reads,GET|POST|PATCH|DELETE …/monthly-production-basis,cbamQuantity,MonthlyProductionBasisUpsert,CbamMonthlyProductionBasisService,CbamMonthlyProductionBasis,cbam_monthly_production_basis,cbam_quantity,USER_INPUT,required >= 0; <= total,none-or-row-version-conflict,user-guide/05-*.md
monthly-allocation-data,monthly-allocation-data/monthly-allocation-data.component.html,Unit,monthly-allocation-data/monthly-allocation-data.component.html,formControlName=quantityUnit,template-present,editable-if-configure,optional/unknown,t,cbam:configure for writes / cbam:view for reads,GET|POST|PATCH|DELETE …/monthly-production-basis,quantityUnit,CbamMonthlyProductionBasis ORM / API DTO,CbamMonthlyProductionBasisService,CbamMonthlyProductionBasis,cbam_monthly_production_basis,quantity_unit,USER_INPUT,server-schema,none-or-row-version-conflict,user-guide/05-*.md
monthly-allocation-data,monthly-allocation-data/monthly-allocation-data.component.html,Total production,monthly-allocation-data/monthly-allocation-data.component.html,mat-label,template-present,label,n/a,t,cbam:view,n/a-ui-only,—,n/a,CbamMonthlyProductionBasisService,—,NOT_PERSISTED,UI_ONLY,NOT_PERSISTED,n/a-display-or-derived,none-or-row-version-conflict,user-guide/05-*.md
monthly-allocation-data,monthly-allocation-data/monthly-allocation-data.component.html,Amount sent to the importer,monthly-allocation-data/monthly-allocation-data.component.html,mat-label,template-present,label,n/a,—,cbam:view,n/a-ui-only,—,n/a,CbamMonthlyProductionBasisService,—,NOT_PERSISTED,UI_ONLY,NOT_PERSISTED,n/a-display-or-derived,none-or-row-version-conflict,user-guide/05-*.md
monthly-allocation-data,monthly-allocation-data/monthly-allocation-data.component.html,Unit,monthly-allocation-data/monthly-allocation-data.component.html,mat-label,template-present,label,n/a,—,cbam:view,n/a-ui-only,—,n/a,CbamMonthlyProductionBasisService,—,NOT_PERSISTED,UI_ONLY,NOT_PERSISTED,n/a-display-or-derived,none-or-row-version-conflict,user-guide/05-*.md
monthly-allocation-data,monthly-allocation-data/monthly-allocation-data.component.html,[display:status-text],monthly-allocation-data/monthly-allocation-data.component.html,"class=""status-text""",conditional-css,read-only,n/a,—,cbam:view,GET|POST|PATCH|DELETE …/monthly-production-basis,—,n/a,CbamMonthlyProductionBasisService,—,NOT_PERSISTED,UI_STATUS,NOT_PERSISTED,n/a-display-or-derived,may reflect stale,user-guide/05-*.md
official-see-export,official-see-export/official-see-export.component.html,status,official-see-export/official-see-export.component.html,table-column:status,when-rows,read-only-display,n/a,—,cbam:view,POST …/official-see-export/executions; GET readiness|runs|download,status,n/a,CbamOfficialSeeExportService,—,DERIVED_STATUS,status,DERIVED_STATUS,ambiguous-column-multiple-tables,none-or-row-version-conflict,user-guide/14-*.md
official-see-export,official-see-export/official-see-export.component.html,created,official-see-export/official-see-export.component.html,table-column:created,when-rows,read-only-display,n/a,datetime,cbam:view,n/a-ui-only,created,n/a,CbamOfficialSeeExportService,—,NOT_PERSISTED,created,NOT_PERSISTED,no-matching-column,none-or-row-version-conflict,user-guide/14-*.md
official-see-export,official-see-export/official-see-export.component.html,template,official-see-export/official-see-export.component.html,table-column:template,when-rows,read-only-display,n/a,—,cbam:view,n/a-ui-only,template,n/a,CbamOfficialSeeExportService,—,NOT_PERSISTED,template,NOT_PERSISTED,no-matching-column,none-or-row-version-conflict,user-guide/14-*.md
official-see-export,official-see-export/official-see-export.component.html,mapping,official-see-export/official-see-export.component.html,table-column:mapping,when-rows,read-only-display,n/a,—,cbam:view,n/a-ui-only,mapping,n/a,CbamOfficialSeeExportService,—,NOT_PERSISTED,mapping,NOT_PERSISTED,no-matching-column,none-or-row-version-conflict,user-guide/14-*.md
official-see-export,official-see-export/official-see-export.component.html,validation,official-see-export/official-see-export.component.html,table-column:validation,when-rows,read-only-display,n/a,—,cbam:view,n/a-ui-only,validation,n/a,CbamOfficialSeeExportService,—,NOT_PERSISTED,validation,NOT_PERSISTED,no-matching-column,none-or-row-version-conflict,user-guide/14-*.md
official-see-export,official-see-export/official-see-export.component.html,parity,official-see-export/official-see-export.component.html,table-column:parity,when-rows,read-only-display,n/a,—,cbam:view,n/a-ui-only,parity,n/a,CbamOfficialSeeExportService,—,NOT_PERSISTED,parity,NOT_PERSISTED,no-matching-column,none-or-row-version-conflict,user-guide/14-*.md
official-see-export,official-see-export/official-see-export.component.html,size,official-see-export/official-see-export.component.html,table-column:size,when-rows,read-only-display,n/a,—,cbam:view,n/a-ui-only,size,n/a,CbamOfficialSeeExportService,—,NOT_PERSISTED,size,NOT_PERSISTED,no-matching-column,none-or-row-version-conflict,user-guide/14-*.md
official-see-export,official-see-export/official-see-export.component.html,fileName,official-see-export/official-see-export.component.html,table-column:fileName,when-rows,read-only-display,n/a,—,cbam:view,POST …/official-see-export/executions; GET readiness|runs|download,fileName,CbamOfficialSeeExportArtifact ORM / API DTO,CbamOfficialSeeExportService,CbamOfficialSeeExportArtifact,cbam_official_see_export_artifacts,file_name,USER_INPUT,server-schema,none-or-row-version-conflict,user-guide/14-*.md
official-see-export,official-see-export/official-see-export.component.html,actions,official-see-export/official-see-export.component.html,table-column:actions,when-rows,read-only-display,n/a,—,cbam:view,n/a-ui-only,actions,n/a,CbamOfficialSeeExportService,—,NOT_PERSISTED,actions,NOT_PERSISTED,no-matching-column,none-or-row-version-conflict,user-guide/14-*.md
period-detail.component,period-detail.component.html,Installation,period-detail.component.html,formControlName=installationProfileId,template-present,editable-if-configure,optional/unknown,—,cbam:configure for writes / cbam:view for reads,GET …/reporting-period-bindings/{id}; period-scoped CRUD,installationProfileId,CbamProductionRecord ORM / API DTO,CbamPeriodWorkspaceServices,CbamProductionRecord,cbam_production_records,installation_profile_id,USER_INPUT,server-schema,none-or-row-version-conflict,user-guide/README.md
period-detail.component,period-detail.component.html,Product,period-detail.component.html,formControlName=productId,template-present,editable-if-configure,optional/unknown,—,cbam:configure for writes / cbam:view for reads,GET …/reporting-period-bindings/{id}; period-scoped CRUD,productId,n/a,CbamPeriodWorkspaceServices,—,NOT_PERSISTED,product_id,NOT_PERSISTED,ambiguous-column-multiple-tables,none-or-row-version-conflict,user-guide/README.md
period-detail.component,period-detail.component.html,Product profile,period-detail.component.html,formControlName=productProfileVersionId,template-present,editable-if-configure,optional/unknown,—,cbam:configure for writes / cbam:view for reads,GET …/reporting-period-bindings/{id}; period-scoped CRUD,productProfileVersionId,CbamProductionRecord ORM / API DTO,CbamPeriodWorkspaceServices,CbamProductionRecord,cbam_production_records,product_profile_version_id,USER_INPUT,server-schema,none-or-row-version-conflict,user-guide/README.md
period-detail.component,period-detail.component.html,Quantity,period-detail.component.html,formControlName=quantity,template-present,editable-if-configure,optional/unknown,t,cbam:configure for writes / cbam:view for reads,GET …/reporting-period-bindings/{id}; period-scoped CRUD,quantity,CbamProductionRecord ORM / API DTO,CbamPeriodWorkspaceServices,CbamProductionRecord,cbam_production_records,quantity,USER_INPUT,server-schema,none-or-row-version-conflict,user-guide/README.md
period-detail.component,period-detail.component.html,Unit,period-detail.component.html,formControlName=unit,template-present,editable-if-configure,optional/unknown,—,cbam:configure for writes / cbam:view for reads,GET …/reporting-period-bindings/{id}; period-scoped CRUD,unit,CbamProductionRecord ORM / API DTO,CbamPeriodWorkspaceServices,CbamProductionRecord,cbam_production_records,unit,USER_INPUT,server-schema,none-or-row-version-conflict,user-guide/README.md
period-detail.component,period-detail.component.html,Date,period-detail.component.html,formControlName=productionDate,template-present,editable-if-configure,optional/unknown,t,cbam:configure for writes / cbam:view for reads,GET …/reporting-period-bindings/{id}; period-scoped CRUD,productionDate,CbamProductionRecord ORM / API DTO,CbamPeriodWorkspaceServices,CbamProductionRecord,cbam_production_records,production_date,USER_INPUT,server-schema,none-or-row-version-conflict,user-guide/README.md
period-detail.component,period-detail.component.html,Notes,period-detail.component.html,formControlName=notes,template-present,editable-if-configure,optional/unknown,—,cbam:configure for writes / cbam:view for reads,GET …/reporting-period-bindings/{id}; period-scoped CRUD,notes,CbamProductionRecord ORM / API DTO,CbamPeriodWorkspaceServices,CbamProductionRecord,cbam_production_records,notes,USER_INPUT,server-schema,none-or-row-version-conflict,user-guide/README.md
period-detail.component,period-detail.component.html,Activity Type,period-detail.component.html,formControlName=activityType,template-present,editable-if-configure,optional/unknown,—,cbam:configure for writes / cbam:view for reads,GET …/reporting-period-bindings/{id}; period-scoped CRUD,activityType,CbamActivityRecord ORM / API DTO,CbamPeriodWorkspaceServices,CbamActivityRecord,cbam_activity_records,activity_type,USER_INPUT,server-schema,none-or-row-version-conflict,user-guide/README.md
period-detail.component,period-detail.component.html,Data source type,period-detail.component.html,formControlName=dataSourceType,template-present,editable-if-configure,optional/unknown,—,cbam:configure for writes / cbam:view for reads,GET …/reporting-period-bindings/{id}; period-scoped CRUD,dataSourceType,CbamActivityRecord ORM / API DTO,CbamPeriodWorkspaceServices,CbamActivityRecord,cbam_activity_records,data_source_type,USER_INPUT,server-schema,none-or-row-version-conflict,user-guide/README.md
period-detail.component,period-detail.component.html,Source Reference,period-detail.component.html,formControlName=sourceReference,template-present,editable-if-configure,optional/unknown,—,cbam:configure for writes / cbam:view for reads,GET …/reporting-period-bindings/{id}; period-scoped CRUD,sourceReference,CbamActivityRecord ORM / API DTO,CbamPeriodWorkspaceServices,CbamActivityRecord,cbam_activity_records,source_reference,USER_INPUT,server-schema,none-or-row-version-conflict,user-guide/README.md
period-detail.component,period-detail.component.html,Measurement Method,period-detail.component.html,formControlName=measurementMethod,template-present,editable-if-configure,optional/unknown,—,cbam:configure for writes / cbam:view for reads,GET …/reporting-period-bindings/{id}; period-scoped CRUD,measurementMethod,CbamActivityRecord ORM / API DTO,CbamPeriodWorkspaceServices,CbamActivityRecord,cbam_activity_records,measurement_method,USER_INPUT,server-schema,none-or-row-version-conflict,user-guide/README.md
period-detail.component,period-detail.component.html,Supplier,period-detail.component.html,formControlName=supplierName,template-present,editable-if-configure,optional/unknown,—,cbam:configure for writes / cbam:view for reads,GET …/reporting-period-bindings/{id}; period-scoped CRUD,supplierName,CbamActivityRecord ORM / API DTO,CbamPeriodWorkspaceServices,CbamActivityRecord,cbam_activity_records,supplier_name,USER_INPUT,server-schema,none-or-row-version-conflict,user-guide/README.md
period-detail.component,period-detail.component.html,Certificate Reference,period-detail.component.html,formControlName=certificateReference,template-present,editable-if-configure,optional/unknown,—,cbam:configure for writes / cbam:view for reads,GET …/reporting-period-bindings/{id}; period-scoped CRUD,certificateReference,CbamActivityRecord ORM / API DTO,CbamPeriodWorkspaceServices,CbamActivityRecord,cbam_activity_records,certificate_reference,USER_INPUT,server-schema,none-or-row-version-conflict,user-guide/README.md
period-detail.component,period-detail.component.html,Input Name,period-detail.component.html,formControlName=inputName,template-present,editable-if-configure,optional/unknown,—,cbam:configure for writes / cbam:view for reads,GET …/reporting-period-bindings/{id}; period-scoped CRUD,inputName,CbamPurchasedInputRecord ORM / API DTO,CbamPeriodWorkspaceServices,CbamPurchasedInputRecord,cbam_purchased_input_records,input_name,USER_INPUT,server-schema,none-or-row-version-conflict,user-guide/README.md
period-detail.component,period-detail.component.html,Purchased Quantity,period-detail.component.html,formControlName=quantity,template-present,editable-if-configure,optional/unknown,t,cbam:configure for writes / cbam:view for reads,GET …/reporting-period-bindings/{id}; period-scoped CRUD,quantity,CbamProductionRecord ORM / API DTO,CbamPeriodWorkspaceServices,CbamProductionRecord,cbam_production_records,quantity,USER_INPUT,server-schema,none-or-row-version-conflict,user-guide/README.md
period-detail.component,period-detail.component.html,Consumed Quantity,period-detail.component.html,formControlName=consumedQuantity,template-present,editable-if-configure,optional/unknown,t,cbam:configure for writes / cbam:view for reads,GET …/reporting-period-bindings/{id}; period-scoped CRUD,consumedQuantity,CbamPurchasedInputRecord ORM / API DTO,CbamPeriodWorkspaceServices,CbamPurchasedInputRecord,cbam_purchased_input_records,consumed_quantity,USER_INPUT,server-schema,none-or-row-version-conflict,user-guide/README.md
period-detail.component,period-detail.component.html,Consumed Unit,period-detail.component.html,formControlName=consumedUnit,template-present,editable-if-configure,optional/unknown,—,cbam:configure for writes / cbam:view for reads,GET …/reporting-period-bindings/{id}; period-scoped CRUD,consumedUnit,CbamPurchasedInputRecord ORM / API DTO,CbamPeriodWorkspaceServices,CbamPurchasedInputRecord,cbam_purchased_input_records,consumed_unit,USER_INPUT,server-schema,none-or-row-version-conflict,user-guide/README.md
period-detail.component,period-detail.component.html,Embedded Emissions (supplier),period-detail.component.html,formControlName=embeddedEmissionValue,template-present,editable-if-configure,optional/unknown,tCO2e,cbam:configure for writes / cbam:view for reads,GET …/reporting-period-bindings/{id}; period-scoped CRUD,embeddedEmissionValue,CbamPurchasedInputRecord ORM / API DTO,CbamPeriodWorkspaceServices,CbamPurchasedInputRecord,cbam_purchased_input_records,embedded_emission_value,USER_INPUT,server-schema,none-or-row-version-conflict,user-guide/README.md
period-detail.component,period-detail.component.html,Embedded Emission Unit,period-detail.component.html,formControlName=embeddedEmissionUnit,template-present,editable-if-configure,optional/unknown,tCO2e,cbam:configure for writes / cbam:view for reads,GET …/reporting-period-bindings/{id}; period-scoped CRUD,embeddedEmissionUnit,CbamPurchasedInputRecord ORM / API DTO,CbamPeriodWorkspaceServices,CbamPurchasedInputRecord,cbam_purchased_input_records,embedded_emission_unit,USER_INPUT,server-schema,none-or-row-version-conflict,user-guide/README.md
period-detail.component,period-detail.component.html,Embedded Emission Source,period-detail.component.html,formControlName=embeddedEmissionSourceType,template-present,editable-if-configure,optional/unknown,tCO2e,cbam:configure for writes / cbam:view for reads,GET …/reporting-period-bindings/{id}; period-scoped CRUD,embeddedEmissionSourceType,CbamPurchasedInputRecord ORM / API DTO,CbamPeriodWorkspaceServices,CbamPurchasedInputRecord,cbam_purchased_input_records,embedded_emission_source_type,USER_INPUT,server-schema,none-or-row-version-conflict,user-guide/README.md
period-detail.component,period-detail.component.html,Method,period-detail.component.html,formControlName=allocationMethod,template-present,editable-if-configure,optional/unknown,—,cbam:configure for writes / cbam:view for reads,GET …/reporting-period-bindings/{id}; period-scoped CRUD,allocationMethod,CbamAllocationResult ORM / API DTO,CbamPeriodWorkspaceServices,CbamAllocationResult,cbam_allocation_results,allocation_method,SNAPSHOT,server-authoritative,none-or-row-version-conflict,user-guide/README.md
period-detail.component,period-detail.component.html,Name,period-detail.component.html,formControlName=name,template-present,editable-if-configure,optional/unknown,—,cbam:configure for writes / cbam:view for reads,GET …/reporting-period-bindings/{id}; period-scoped CRUD,name,CbamAllocationRule ORM / API DTO,CbamPeriodWorkspaceServices,CbamAllocationRule,cbam_allocation_rules,name,USER_INPUT,server-schema,none-or-row-version-conflict,user-guide/README.md
period-detail.component,period-detail.component.html,Description,period-detail.component.html,formControlName=description,template-present,editable-if-configure,optional/unknown,—,cbam:configure for writes / cbam:view for reads,GET …/reporting-period-bindings/{id}; period-scoped CRUD,description,CbamAllocationRule ORM / API DTO,CbamPeriodWorkspaceServices,CbamAllocationRule,cbam_allocation_rules,description,USER_INPUT,server-schema,none-or-row-version-conflict,user-guide/README.md
period-detail.component,period-detail.component.html,Target Production,period-detail.component.html,formControlName=numeratorProductionRecordId,template-present,editable-if-configure,optional/unknown,t,cbam:configure for writes / cbam:view for reads,GET …/reporting-period-bindings/{id}; period-scoped CRUD,numeratorProductionRecordId,CbamAllocationRule ORM / API DTO,CbamPeriodWorkspaceServices,CbamAllocationRule,cbam_allocation_rules,numerator_production_record_id,USER_INPUT,server-schema,none-or-row-version-conflict,user-guide/README.md
period-detail.component,period-detail.component.html,Total Base Production,period-detail.component.html,formControlName=denominatorProductionRecordId,template-present,editable-if-configure,optional/unknown,t,cbam:configure for writes / cbam:view for reads,GET …/reporting-period-bindings/{id}; period-scoped CRUD,denominatorProductionRecordId,CbamAllocationRule ORM / API DTO,CbamPeriodWorkspaceServices,CbamAllocationRule,cbam_allocation_rules,denominator_production_record_id,USER_INPUT,server-schema,none-or-row-version-conflict,user-guide/README.md
period-detail.component,period-detail.component.html,Allocation Ratio (0–1),period-detail.component.html,formControlName=allocationRatio,template-present,editable-if-configure,optional/unknown,—,cbam:configure for writes / cbam:view for reads,GET …/reporting-period-bindings/{id}; period-scoped CRUD,allocationRatio,CbamAllocationResult ORM / API DTO,CbamPeriodWorkspaceServices,CbamAllocationResult,cbam_allocation_results,allocation_ratio,SNAPSHOT,server-authoritative,none-or-row-version-conflict,user-guide/README.md
period-detail.component,period-detail.component.html,Reason,period-detail.component.html,formControlName=rationale,template-present,editable-if-configure,optional/unknown,—,cbam:configure for writes / cbam:view for reads,GET …/reporting-period-bindings/{id}; period-scoped CRUD,rationale,CbamAllocationRule ORM / API DTO,CbamPeriodWorkspaceServices,CbamAllocationRule,cbam_allocation_rules,rationale,USER_INPUT,server-schema,none-or-row-version-conflict,user-guide/README.md
period-detail.component,period-detail.component.html,Activity for Allocation,period-detail.component.html,formControlName=allocateActivityRecordId,template-present,editable-if-configure,optional/unknown,—,cbam:configure for writes / cbam:view for reads,n/a-ui-only,allocateActivityRecordId,n/a,CbamPeriodWorkspaceServices,—,NOT_PERSISTED,allocate_activity_record_id,NOT_PERSISTED,no-matching-column,none-or-row-version-conflict,user-guide/README.md
period-detail.component,period-detail.component.html,Purchased Input for Allocation,period-detail.component.html,formControlName=allocatePurchasedInputId,template-present,editable-if-configure,optional/unknown,—,cbam:configure for writes / cbam:view for reads,n/a-ui-only,allocatePurchasedInputId,n/a,CbamPeriodWorkspaceServices,—,NOT_PERSISTED,allocate_purchased_input_id,NOT_PERSISTED,no-matching-column,none-or-row-version-conflict,user-guide/README.md
period-detail.component,period-detail.component.html,Activity Record,period-detail.component.html,formControlName=activityRecordId,template-present,editable-if-configure,optional/unknown,—,cbam:configure for writes / cbam:view for reads,GET …/reporting-period-bindings/{id}; period-scoped CRUD,activityRecordId,n/a,CbamPeriodWorkspaceServices,—,NOT_PERSISTED,activity_record_id,NOT_PERSISTED,ambiguous-column-multiple-tables,none-or-row-version-conflict,user-guide/README.md
period-detail.component,period-detail.component.html,Property,period-detail.component.html,formControlName=propertyCode,template-present,editable-if-configure,optional/unknown,—,cbam:configure for writes / cbam:view for reads,GET …/reporting-period-bindings/{id}; period-scoped CRUD,propertyCode,CbamFactorDefinition ORM / API DTO,CbamPeriodWorkspaceServices,CbamFactorDefinition,cbam_factor_definitions,property_code,USER_INPUT,ambiguous-column-multiple-tables,none-or-row-version-conflict,user-guide/README.md
period-detail.component,period-detail.component.html,Value,period-detail.component.html,formControlName=numericValue,template-present,editable-if-configure,optional/unknown,—,cbam:configure for writes / cbam:view for reads,GET …/reporting-period-bindings/{id}; period-scoped CRUD,numericValue,CbamFactorValue ORM / API DTO,CbamPeriodWorkspaceServices,CbamFactorValue,cbam_factor_values,numeric_value,USER_INPUT,ambiguous-column-multiple-tables,none-or-row-version-conflict,user-guide/README.md
period-detail.component,period-detail.component.html,Certificate / Source,period-detail.component.html,formControlName=sourceReference,template-present,editable-if-configure,optional/unknown,—,cbam:configure for writes / cbam:view for reads,GET …/reporting-period-bindings/{id}; period-scoped CRUD,sourceReference,CbamActivityRecord ORM / API DTO,CbamPeriodWorkspaceServices,CbamActivityRecord,cbam_activity_records,source_reference,USER_INPUT,server-schema,none-or-row-version-conflict,user-guide/README.md
period-detail.component,period-detail.component.html,Factor Definition,period-detail.component.html,formControlName=factorDefinitionCode,template-present,editable-if-configure,optional/unknown,factor-unit,cbam:configure for writes / cbam:view for reads,n/a-ui-only,factorDefinitionCode,n/a,CbamPeriodWorkspaceServices,—,NOT_PERSISTED,factor_definition_code,NOT_PERSISTED,no-matching-column,none-or-row-version-conflict,user-guide/README.md
period-detail.component,period-detail.component.html,Activity,period-detail.component.html,formControlName=activityRecordId,template-present,editable-if-configure,optional/unknown,—,cbam:configure for writes / cbam:view for reads,GET …/reporting-period-bindings/{id}; period-scoped CRUD,activityRecordId,n/a,CbamPeriodWorkspaceServices,—,NOT_PERSISTED,activity_record_id,NOT_PERSISTED,ambiguous-column-multiple-tables,none-or-row-version-conflict,user-guide/README.md
period-detail.component,period-detail.component.html,Purchased Input,period-detail.component.html,formControlName=purchasedInputId,template-present,editable-if-configure,optional/unknown,—,cbam:configure for writes / cbam:view for reads,n/a-ui-only,purchasedInputId,n/a,CbamPeriodWorkspaceServices,—,NOT_PERSISTED,purchased_input_id,NOT_PERSISTED,no-matching-column,none-or-row-version-conflict,user-guide/README.md
period-detail.component,period-detail.component.html,Allocation Result,period-detail.component.html,formControlName=allocationResultId,template-present,editable-if-configure,optional/unknown,—,cbam:configure for writes / cbam:view for reads,GET …/reporting-period-bindings/{id}; period-scoped CRUD,allocationResultId,CbamCalculationResult ORM / API DTO,CbamPeriodWorkspaceServices,CbamCalculationResult,cbam_calculation_results,allocation_result_id,SNAPSHOT,server-authoritative,stale-until-recalculate-or-new-execution,user-guide/README.md
period-detail.component,period-detail.component.html,installation,period-detail.component.html,table-column:installation,when-rows,read-only-display,n/a,—,cbam:view,n/a-ui-only,installation,n/a,CbamPeriodWorkspaceServices,—,NOT_PERSISTED,installation,NOT_PERSISTED,no-matching-column,none-or-row-version-conflict,user-guide/README.md
period-detail.component,period-detail.component.html,product,period-detail.component.html,table-column:product,when-rows,read-only-display,n/a,—,cbam:view,n/a-ui-only,product,n/a,CbamPeriodWorkspaceServices,—,NOT_PERSISTED,product,NOT_PERSISTED,no-matching-column,none-or-row-version-conflict,user-guide/README.md
period-detail.component,period-detail.component.html,profile,period-detail.component.html,table-column:profile,when-rows,read-only-display,n/a,—,cbam:view,n/a-ui-only,profile,n/a,CbamPeriodWorkspaceServices,—,NOT_PERSISTED,profile,NOT_PERSISTED,no-matching-column,none-or-row-version-conflict,user-guide/README.md
period-detail.component,period-detail.component.html,profileLink,period-detail.component.html,table-column:profileLink,when-rows,read-only-display,n/a,—,cbam:view,n/a-ui-only,profileLink,n/a,CbamPeriodWorkspaceServices,—,NOT_PERSISTED,profile_link,NOT_PERSISTED,no-matching-column,none-or-row-version-conflict,user-guide/README.md
period-detail.component,period-detail.component.html,quantity,period-detail.component.html,table-column:quantity,when-rows,read-only-display,n/a,t,cbam:view,GET …/reporting-period-bindings/{id}; period-scoped CRUD,quantity,CbamProductionRecord ORM / API DTO,CbamPeriodWorkspaceServices,CbamProductionRecord,cbam_production_records,quantity,USER_INPUT,server-schema,none-or-row-version-conflict,user-guide/README.md
period-detail.component,period-detail.component.html,unit,period-detail.component.html,table-column:unit,when-rows,read-only-display,n/a,—,cbam:view,GET …/reporting-period-bindings/{id}; period-scoped CRUD,unit,CbamProductionRecord ORM / API DTO,CbamPeriodWorkspaceServices,CbamProductionRecord,cbam_production_records,unit,USER_INPUT,server-schema,none-or-row-version-conflict,user-guide/README.md
period-detail.component,period-detail.component.html,date,period-detail.component.html,table-column:date,when-rows,read-only-display,n/a,datetime,cbam:view,n/a-ui-only,date,n/a,CbamPeriodWorkspaceServices,—,NOT_PERSISTED,date,NOT_PERSISTED,no-matching-column,none-or-row-version-conflict,user-guide/README.md
period-detail.component,period-detail.component.html,status,period-detail.component.html,table-column:status,when-rows,read-only-display,n/a,—,cbam:view,GET …/reporting-period-bindings/{id}; period-scoped CRUD,status,CbamCalculationResult ORM / API DTO,CbamPeriodWorkspaceServices,CbamCalculationResult,cbam_calculation_results,status,SNAPSHOT,server-authoritative,none-or-row-version-conflict,user-guide/README.md
period-detail.component,period-detail.component.html,actions,period-detail.component.html,table-column:actions,when-rows,read-only-display,n/a,—,cbam:view,n/a-ui-only,actions,n/a,CbamPeriodWorkspaceServices,—,NOT_PERSISTED,actions,NOT_PERSISTED,no-matching-column,none-or-row-version-conflict,user-guide/README.md
period-detail.component,period-detail.component.html,type,period-detail.component.html,table-column:type,when-rows,read-only-display,n/a,—,cbam:view,n/a-ui-only,type,n/a,CbamPeriodWorkspaceServices,—,NOT_PERSISTED,type,NOT_PERSISTED,no-matching-column,none-or-row-version-conflict,user-guide/README.md
period-detail.component,period-detail.component.html,dataSource,period-detail.component.html,table-column:dataSource,when-rows,read-only-display,n/a,—,cbam:view,n/a-ui-only,dataSource,n/a,CbamPeriodWorkspaceServices,—,NOT_PERSISTED,data_source,NOT_PERSISTED,no-matching-column,none-or-row-version-conflict,user-guide/README.md
period-detail.component,period-detail.component.html,name,period-detail.component.html,table-column:name,when-rows,read-only-display,n/a,—,cbam:view,GET …/reporting-period-bindings/{id}; period-scoped CRUD,name,CbamAllocationRule ORM / API DTO,CbamPeriodWorkspaceServices,CbamAllocationRule,cbam_allocation_rules,name,USER_INPUT,server-schema,none-or-row-version-conflict,user-guide/README.md
period-detail.component,period-detail.component.html,consumed,period-detail.component.html,table-column:consumed,when-rows,read-only-display,n/a,—,cbam:view,n/a-ui-only,consumed,n/a,CbamPeriodWorkspaceServices,—,NOT_PERSISTED,consumed,NOT_PERSISTED,no-matching-column,none-or-row-version-conflict,user-guide/README.md
period-detail.component,period-detail.component.html,embedded,period-detail.component.html,table-column:embedded,when-rows,read-only-display,n/a,tCO2e,cbam:view,GET …/reporting-period-bindings/{id}; period-scoped CRUD,embedded,n/a,CbamPeriodWorkspaceServices,—,NOT_PERSISTED,embedded,NOT_PERSISTED,no-matching-column,stale-until-recalculate-or-new-execution,user-guide/README.md
period-detail.component,period-detail.component.html,method,period-detail.component.html,table-column:method,when-rows,read-only-display,n/a,—,cbam:view,n/a-ui-only,method,n/a,CbamPeriodWorkspaceServices,—,NOT_PERSISTED,method,NOT_PERSISTED,no-matching-column,none-or-row-version-conflict,user-guide/README.md
period-detail.component,period-detail.component.html,ratio,period-detail.component.html,table-column:ratio,when-rows,read-only-display,n/a,—,cbam:view,n/a-ui-only,ratio,n/a,CbamPeriodWorkspaceServices,—,NOT_PERSISTED,ratio,NOT_PERSISTED,no-matching-column,none-or-row-version-conflict,user-guide/README.md
period-detail.component,period-detail.component.html,sourceType,period-detail.component.html,table-column:sourceType,when-rows,read-only-display,n/a,—,cbam:view,GET …/reporting-period-bindings/{id}; period-scoped CRUD,sourceType,CbamAllocationResult ORM / API DTO,CbamPeriodWorkspaceServices,CbamAllocationResult,cbam_allocation_results,source_type,SNAPSHOT,server-authoritative,none-or-row-version-conflict,user-guide/README.md
period-detail.component,period-detail.component.html,sourceQuantity,period-detail.component.html,table-column:sourceQuantity,when-rows,read-only-display,n/a,t,cbam:view,GET …/reporting-period-bindings/{id}; period-scoped CRUD,sourceQuantity,CbamAllocationResult ORM / API DTO,CbamPeriodWorkspaceServices,CbamAllocationResult,cbam_allocation_results,source_quantity,SNAPSHOT,server-authoritative,stale-until-recalculate-or-new-execution,user-guide/README.md
period-detail.component,period-detail.component.html,allocated,period-detail.component.html,table-column:allocated,when-rows,read-only-display,n/a,—,cbam:view,GET …/reporting-period-bindings/{id}; period-scoped CRUD,allocated,n/a,CbamPeriodWorkspaceServices,—,NOT_PERSISTED,allocated,NOT_PERSISTED,no-matching-column,stale-until-recalculate-or-new-execution,user-guide/README.md
period-detail.component,period-detail.component.html,rule,period-detail.component.html,table-column:rule,when-rows,read-only-display,n/a,—,cbam:view,n/a-ui-only,rule,n/a,CbamPeriodWorkspaceServices,—,NOT_PERSISTED,rule,NOT_PERSISTED,no-matching-column,none-or-row-version-conflict,user-guide/README.md
period-detail.component,period-detail.component.html,created,period-detail.component.html,table-column:created,when-rows,read-only-display,n/a,datetime,cbam:view,n/a-ui-only,created,n/a,CbamPeriodWorkspaceServices,—,NOT_PERSISTED,created,NOT_PERSISTED,no-matching-column,none-or-row-version-conflict,user-guide/README.md
period-detail.component,period-detail.component.html,source,period-detail.component.html,table-column:source,when-rows,read-only-display,n/a,—,cbam:view,n/a-ui-only,source,n/a,CbamPeriodWorkspaceServices,—,NOT_PERSISTED,source,NOT_PERSISTED,no-matching-column,none-or-row-version-conflict,user-guide/README.md
period-detail.component,period-detail.component.html,activity,period-detail.component.html,table-column:activity,when-rows,read-only-display,n/a,—,cbam:view,n/a-ui-only,activity,n/a,CbamPeriodWorkspaceServices,—,NOT_PERSISTED,activity,NOT_PERSISTED,no-matching-column,none-or-row-version-conflict,user-guide/README.md
period-detail.component,period-detail.component.html,factor,period-detail.component.html,table-column:factor,when-rows,read-only-display,n/a,factor-unit,cbam:view,n/a-ui-only,factor,n/a,CbamPeriodWorkspaceServices,—,NOT_PERSISTED,factor,NOT_PERSISTED,no-matching-column,none-or-row-version-conflict,user-guide/README.md
period-detail.component,period-detail.component.html,value,period-detail.component.html,table-column:value,when-rows,read-only-display,n/a,—,cbam:view,n/a-ui-only,value,n/a,CbamPeriodWorkspaceServices,—,NOT_PERSISTED,value,NOT_PERSISTED,no-matching-column,none-or-row-version-conflict,user-guide/README.md
period-detail.component,period-detail.component.html,reference,period-detail.component.html,table-column:reference,when-rows,read-only-display,n/a,—,cbam:view,n/a-ui-only,reference,n/a,CbamPeriodWorkspaceServices,—,NOT_PERSISTED,reference,NOT_PERSISTED,no-matching-column,none-or-row-version-conflict,user-guide/README.md
period-detail.component,period-detail.component.html,factorSource,period-detail.component.html,table-column:factorSource,when-rows,read-only-display,n/a,factor-unit,cbam:view,n/a-ui-only,factorSource,n/a,CbamPeriodWorkspaceServices,—,NOT_PERSISTED,factor_source,NOT_PERSISTED,no-matching-column,none-or-row-version-conflict,user-guide/README.md
period-detail.component,period-detail.component.html,result,period-detail.component.html,table-column:result,when-rows,read-only-display,n/a,—,cbam:view,n/a-ui-only,result,n/a,CbamPeriodWorkspaceServices,—,NOT_PERSISTED,result,NOT_PERSISTED,no-matching-column,none-or-row-version-conflict,user-guide/README.md
period-detail.component,period-detail.component.html,error,period-detail.component.html,table-column:error,when-rows,read-only-display,n/a,—,cbam:view,n/a-ui-only,error,n/a,CbamPeriodWorkspaceServices,—,NOT_PERSISTED,error,NOT_PERSISTED,no-matching-column,none-or-row-version-conflict,user-guide/README.md
period-detail.component,period-detail.component.html,template,period-detail.component.html,table-column:template,when-rows,read-only-display,n/a,—,cbam:view,n/a-ui-only,template,n/a,CbamPeriodWorkspaceServices,—,NOT_PERSISTED,template,NOT_PERSISTED,no-matching-column,none-or-row-version-conflict,user-guide/README.md
period-detail.component,period-detail.component.html,calc,period-detail.component.html,table-column:calc,when-rows,read-only-display,n/a,—,cbam:view,n/a-ui-only,calc,n/a,CbamPeriodWorkspaceServices,—,NOT_PERSISTED,calc,NOT_PERSISTED,no-matching-column,none-or-row-version-conflict,user-guide/README.md
period-detail.component,period-detail.component.html,checksum,period-detail.component.html,table-column:checksum,when-rows,read-only-display,n/a,—,cbam:view,GET …/reporting-period-bindings/{id}; period-scoped CRUD,checksum,CbamExportTemplate ORM / API DTO,CbamPeriodWorkspaceServices,CbamExportTemplate,cbam_export_templates,checksum,USER_INPUT,server-schema,none-or-row-version-conflict,user-guide/README.md
period-detail.component,period-detail.component.html,Product,period-detail.component.html,mat-label,template-present,label,n/a,—,cbam:view,n/a-ui-only,—,n/a,CbamPeriodWorkspaceServices,—,NOT_PERSISTED,UI_ONLY,NOT_PERSISTED,n/a-display-or-derived,none-or-row-version-conflict,user-guide/README.md
period-detail.component,period-detail.component.html,Product profile,period-detail.component.html,mat-label,template-present,label,n/a,—,cbam:view,n/a-ui-only,—,n/a,CbamPeriodWorkspaceServices,—,NOT_PERSISTED,UI_ONLY,NOT_PERSISTED,n/a-display-or-derived,none-or-row-version-conflict,user-guide/README.md
period-detail.component,period-detail.component.html,Installation,period-detail.component.html,mat-label,template-present,label,n/a,—,cbam:view,n/a-ui-only,—,n/a,CbamPeriodWorkspaceServices,—,NOT_PERSISTED,UI_ONLY,NOT_PERSISTED,n/a-display-or-derived,none-or-row-version-conflict,user-guide/README.md
period-detail.component,period-detail.component.html,Quantity,period-detail.component.html,mat-label,template-present,label,n/a,t,cbam:view,n/a-ui-only,—,n/a,CbamPeriodWorkspaceServices,—,NOT_PERSISTED,UI_ONLY,NOT_PERSISTED,n/a-display-or-derived,none-or-row-version-conflict,user-guide/README.md
period-detail.component,period-detail.component.html,Unit,period-detail.component.html,mat-label,template-present,label,n/a,—,cbam:view,n/a-ui-only,—,n/a,CbamPeriodWorkspaceServices,—,NOT_PERSISTED,UI_ONLY,NOT_PERSISTED,n/a-display-or-derived,none-or-row-version-conflict,user-guide/README.md
period-detail.component,period-detail.component.html,Date,period-detail.component.html,mat-label,template-present,label,n/a,datetime,cbam:view,n/a-ui-only,—,n/a,CbamPeriodWorkspaceServices,—,NOT_PERSISTED,UI_ONLY,NOT_PERSISTED,n/a-display-or-derived,none-or-row-version-conflict,user-guide/README.md
period-detail.component,period-detail.component.html,Notes,period-detail.component.html,mat-label,template-present,label,n/a,—,cbam:view,n/a-ui-only,—,n/a,CbamPeriodWorkspaceServices,—,NOT_PERSISTED,UI_ONLY,NOT_PERSISTED,n/a-display-or-derived,none-or-row-version-conflict,user-guide/README.md
period-detail.component,period-detail.component.html,Activity Type,period-detail.component.html,mat-label,template-present,label,n/a,—,cbam:view,n/a-ui-only,—,n/a,CbamPeriodWorkspaceServices,—,NOT_PERSISTED,UI_ONLY,NOT_PERSISTED,n/a-display-or-derived,none-or-row-version-conflict,user-guide/README.md
period-detail.component,period-detail.component.html,Data Source Primary Data Default Reference Unknown Source Reference,period-detail.component.html,mat-label,template-present,label,n/a,—,cbam:view,n/a-ui-only,—,n/a,CbamPeriodWorkspaceServices,—,NOT_PERSISTED,UI_ONLY,NOT_PERSISTED,n/a-display-or-derived,none-or-row-version-conflict,user-guide/README.md
period-detail.component,period-detail.component.html,Measurement Method,period-detail.component.html,mat-label,template-present,label,n/a,—,cbam:view,n/a-ui-only,—,n/a,CbamPeriodWorkspaceServices,—,NOT_PERSISTED,UI_ONLY,NOT_PERSISTED,n/a-display-or-derived,none-or-row-version-conflict,user-guide/README.md
period-detail.component,period-detail.component.html,Supplier,period-detail.component.html,mat-label,template-present,label,n/a,—,cbam:view,n/a-ui-only,—,n/a,CbamPeriodWorkspaceServices,—,NOT_PERSISTED,UI_ONLY,NOT_PERSISTED,n/a-display-or-derived,none-or-row-version-conflict,user-guide/README.md
period-detail.component,period-detail.component.html,Certificate Reference,period-detail.component.html,mat-label,template-present,label,n/a,—,cbam:view,n/a-ui-only,—,n/a,CbamPeriodWorkspaceServices,—,NOT_PERSISTED,UI_ONLY,NOT_PERSISTED,n/a-display-or-derived,none-or-row-version-conflict,user-guide/README.md
period-detail.component,period-detail.component.html,Input Name,period-detail.component.html,mat-label,template-present,label,n/a,—,cbam:view,n/a-ui-only,—,n/a,CbamPeriodWorkspaceServices,—,NOT_PERSISTED,UI_ONLY,NOT_PERSISTED,n/a-display-or-derived,none-or-row-version-conflict,user-guide/README.md
period-detail.component,period-detail.component.html,Purchased Quantity,period-detail.component.html,mat-label,template-present,label,n/a,t,cbam:view,n/a-ui-only,—,n/a,CbamPeriodWorkspaceServices,—,NOT_PERSISTED,UI_ONLY,NOT_PERSISTED,n/a-display-or-derived,none-or-row-version-conflict,user-guide/README.md
period-detail.component,period-detail.component.html,Consumed Quantity,period-detail.component.html,mat-label,template-present,label,n/a,t,cbam:view,n/a-ui-only,—,n/a,CbamPeriodWorkspaceServices,—,NOT_PERSISTED,UI_ONLY,NOT_PERSISTED,n/a-display-or-derived,none-or-row-version-conflict,user-guide/README.md
period-detail.component,period-detail.component.html,Consumed Unit,period-detail.component.html,mat-label,template-present,label,n/a,—,cbam:view,n/a-ui-only,—,n/a,CbamPeriodWorkspaceServices,—,NOT_PERSISTED,UI_ONLY,NOT_PERSISTED,n/a-display-or-derived,none-or-row-version-conflict,user-guide/README.md
period-detail.component,period-detail.component.html,Embedded Emissions (supplier),period-detail.component.html,mat-label,template-present,label,n/a,tCO2e,cbam:view,n/a-ui-only,—,n/a,CbamPeriodWorkspaceServices,—,NOT_PERSISTED,UI_ONLY,NOT_PERSISTED,n/a-display-or-derived,none-or-row-version-conflict,user-guide/README.md
period-detail.component,period-detail.component.html,Embedded Emission Unit,period-detail.component.html,mat-label,template-present,label,n/a,tCO2e,cbam:view,n/a-ui-only,—,n/a,CbamPeriodWorkspaceServices,—,NOT_PERSISTED,UI_ONLY,NOT_PERSISTED,n/a-display-or-derived,none-or-row-version-conflict,user-guide/README.md
period-detail.component,period-detail.component.html,Embedded Emission Source,period-detail.component.html,mat-label,template-present,label,n/a,tCO2e,cbam:view,n/a-ui-only,—,n/a,CbamPeriodWorkspaceServices,—,NOT_PERSISTED,UI_ONLY,NOT_PERSISTED,n/a-display-or-derived,none-or-row-version-conflict,user-guide/README.md
period-detail.component,period-detail.component.html,Method,period-detail.component.html,mat-label,template-present,label,n/a,—,cbam:view,n/a-ui-only,—,n/a,CbamPeriodWorkspaceServices,—,NOT_PERSISTED,UI_ONLY,NOT_PERSISTED,n/a-display-or-derived,none-or-row-version-conflict,user-guide/README.md
period-detail.component,period-detail.component.html,Name,period-detail.component.html,mat-label,template-present,label,n/a,—,cbam:view,n/a-ui-only,—,n/a,CbamPeriodWorkspaceServices,—,NOT_PERSISTED,UI_ONLY,NOT_PERSISTED,n/a-display-or-derived,none-or-row-version-conflict,user-guide/README.md
period-detail.component,period-detail.component.html,Description,period-detail.component.html,mat-label,template-present,label,n/a,—,cbam:view,n/a-ui-only,—,n/a,CbamPeriodWorkspaceServices,—,NOT_PERSISTED,UI_ONLY,NOT_PERSISTED,n/a-display-or-derived,none-or-row-version-conflict,user-guide/README.md
period-detail.component,period-detail.component.html,Target Production,period-detail.component.html,mat-label,template-present,label,n/a,t,cbam:view,n/a-ui-only,—,n/a,CbamPeriodWorkspaceServices,—,NOT_PERSISTED,UI_ONLY,NOT_PERSISTED,n/a-display-or-derived,none-or-row-version-conflict,user-guide/README.md
period-detail.component,period-detail.component.html,Total Base Production,period-detail.component.html,mat-label,template-present,label,n/a,t,cbam:view,n/a-ui-only,—,n/a,CbamPeriodWorkspaceServices,—,NOT_PERSISTED,UI_ONLY,NOT_PERSISTED,n/a-display-or-derived,none-or-row-version-conflict,user-guide/README.md
period-detail.component,period-detail.component.html,Allocation Ratio (0–1),period-detail.component.html,mat-label,template-present,label,n/a,—,cbam:view,n/a-ui-only,—,n/a,CbamPeriodWorkspaceServices,—,NOT_PERSISTED,UI_ONLY,NOT_PERSISTED,n/a-display-or-derived,none-or-row-version-conflict,user-guide/README.md
period-detail.component,period-detail.component.html,Reason,period-detail.component.html,mat-label,template-present,label,n/a,—,cbam:view,n/a-ui-only,—,n/a,CbamPeriodWorkspaceServices,—,NOT_PERSISTED,UI_ONLY,NOT_PERSISTED,n/a-display-or-derived,none-or-row-version-conflict,user-guide/README.md
period-detail.component,period-detail.component.html,Source Reference,period-detail.component.html,mat-label,template-present,label,n/a,—,cbam:view,n/a-ui-only,—,n/a,CbamPeriodWorkspaceServices,—,NOT_PERSISTED,UI_ONLY,NOT_PERSISTED,n/a-display-or-derived,none-or-row-version-conflict,user-guide/README.md
period-detail.component,period-detail.component.html,Activity for Allocation,period-detail.component.html,mat-label,template-present,label,n/a,—,cbam:view,n/a-ui-only,—,n/a,CbamPeriodWorkspaceServices,—,NOT_PERSISTED,UI_ONLY,NOT_PERSISTED,n/a-display-or-derived,none-or-row-version-conflict,user-guide/README.md
period-detail.component,period-detail.component.html,Purchased Input for Allocation,period-detail.component.html,mat-label,template-present,label,n/a,—,cbam:view,n/a-ui-only,—,n/a,CbamPeriodWorkspaceServices,—,NOT_PERSISTED,UI_ONLY,NOT_PERSISTED,n/a-display-or-derived,none-or-row-version-conflict,user-guide/README.md
period-detail.component,period-detail.component.html,Activity Record,period-detail.component.html,mat-label,template-present,label,n/a,—,cbam:view,n/a-ui-only,—,n/a,CbamPeriodWorkspaceServices,—,NOT_PERSISTED,UI_ONLY,NOT_PERSISTED,n/a-display-or-derived,none-or-row-version-conflict,user-guide/README.md
period-detail.component,period-detail.component.html,Property,period-detail.component.html,mat-label,template-present,label,n/a,—,cbam:view,n/a-ui-only,—,n/a,CbamPeriodWorkspaceServices,—,NOT_PERSISTED,UI_ONLY,NOT_PERSISTED,n/a-display-or-derived,none-or-row-version-conflict,user-guide/README.md
period-detail.component,period-detail.component.html,Value,period-detail.component.html,mat-label,template-present,label,n/a,—,cbam:view,n/a-ui-only,—,n/a,CbamPeriodWorkspaceServices,—,NOT_PERSISTED,UI_ONLY,NOT_PERSISTED,n/a-display-or-derived,none-or-row-version-conflict,user-guide/README.md
period-detail.component,period-detail.component.html,Certificate / Source,period-detail.component.html,mat-label,template-present,label,n/a,—,cbam:view,n/a-ui-only,—,n/a,CbamPeriodWorkspaceServices,—,NOT_PERSISTED,UI_ONLY,NOT_PERSISTED,n/a-display-or-derived,none-or-row-version-conflict,user-guide/README.md
period-detail.component,period-detail.component.html,Factor Definition,period-detail.component.html,mat-label,template-present,label,n/a,factor-unit,cbam:view,n/a-ui-only,—,n/a,CbamPeriodWorkspaceServices,—,NOT_PERSISTED,UI_ONLY,NOT_PERSISTED,n/a-display-or-derived,none-or-row-version-conflict,user-guide/README.md
period-detail.component,period-detail.component.html,Activity,period-detail.component.html,mat-label,template-present,label,n/a,—,cbam:view,n/a-ui-only,—,n/a,CbamPeriodWorkspaceServices,—,NOT_PERSISTED,UI_ONLY,NOT_PERSISTED,n/a-display-or-derived,none-or-row-version-conflict,user-guide/README.md
period-detail.component,period-detail.component.html,Purchased Input,period-detail.component.html,mat-label,template-present,label,n/a,—,cbam:view,n/a-ui-only,—,n/a,CbamPeriodWorkspaceServices,—,NOT_PERSISTED,UI_ONLY,NOT_PERSISTED,n/a-display-or-derived,none-or-row-version-conflict,user-guide/README.md
period-detail.component,period-detail.component.html,Allocation Result,period-detail.component.html,mat-label,template-present,label,n/a,—,cbam:view,n/a-ui-only,—,n/a,CbamPeriodWorkspaceServices,—,NOT_PERSISTED,UI_ONLY,NOT_PERSISTED,n/a-display-or-derived,none-or-row-version-conflict,user-guide/README.md
period-detail.component,period-detail.component.html,Template,period-detail.component.html,mat-label,template-present,label,n/a,—,cbam:view,n/a-ui-only,—,n/a,CbamPeriodWorkspaceServices,—,NOT_PERSISTED,UI_ONLY,NOT_PERSISTED,n/a-display-or-derived,none-or-row-version-conflict,user-guide/README.md
period-detail.component,period-detail.component.html,[display:full-width readiness-table],period-detail.component.html,"class=""full-width readiness-table""",conditional-css,read-only,n/a,—,cbam:view,GET …/reporting-period-bindings/{id}; period-scoped CRUD,—,n/a,CbamPeriodWorkspaceServices,—,DERIVED_STATUS,UI_STATUS,DERIVED_STATUS,n/a-display-or-derived,may reflect stale,user-guide/README.md
period-list.component,period-list.component.html,Reporting Period,period-list.component.html,formControlName=reportingPeriodId,template-present,editable-if-configure,optional/unknown,—,cbam:configure for writes / cbam:view for reads,GET|POST …/reporting-period-bindings,reportingPeriodId,CbamReportingPeriodBinding ORM / API DTO,CbamReportingPeriodBindingService,CbamReportingPeriodBinding,cbam_reporting_period_bindings,reporting_period_id,USER_INPUT,server-schema,none-or-row-version-conflict,user-guide/README.md
period-list.component,period-list.component.html,reportingPeriodId,period-list.component.html,table-column:reportingPeriodId,when-rows,read-only-display,n/a,—,cbam:view,GET|POST …/reporting-period-bindings,reportingPeriodId,CbamReportingPeriodBinding ORM / API DTO,CbamReportingPeriodBindingService,CbamReportingPeriodBinding,cbam_reporting_period_bindings,reporting_period_id,USER_INPUT,server-schema,none-or-row-version-conflict,user-guide/README.md
period-list.component,period-list.component.html,status,period-list.component.html,table-column:status,when-rows,read-only-display,n/a,—,cbam:view,GET|POST …/reporting-period-bindings,status,CbamReportingPeriodBinding ORM / API DTO,CbamReportingPeriodBindingService,CbamReportingPeriodBinding,cbam_reporting_period_bindings,status,USER_INPUT,server-schema,none-or-row-version-conflict,user-guide/README.md
period-list.component,period-list.component.html,revisionNumber,period-list.component.html,table-column:revisionNumber,when-rows,read-only-display,n/a,—,cbam:view,GET|POST …/reporting-period-bindings,revisionNumber,CbamReportingPeriodBinding ORM / API DTO,CbamReportingPeriodBindingService,CbamReportingPeriodBinding,cbam_reporting_period_bindings,revision_number,USER_INPUT,server-schema,none-or-row-version-conflict,user-guide/README.md
period-list.component,period-list.component.html,actions,period-list.component.html,table-column:actions,when-rows,read-only-display,n/a,—,cbam:view,n/a-ui-only,actions,n/a,CbamReportingPeriodBindingService,—,NOT_PERSISTED,actions,NOT_PERSISTED,no-matching-column,none-or-row-version-conflict,user-guide/README.md
period-list.component,period-list.component.html,Reporting Period,period-list.component.html,mat-label,template-present,label,n/a,—,cbam:view,n/a-ui-only,—,n/a,CbamReportingPeriodBindingService,—,NOT_PERSISTED,UI_ONLY,NOT_PERSISTED,n/a-display-or-derived,none-or-row-version-conflict,user-guide/README.md
product-embedded-emissions,product-embedded-emissions/product-embedded-emissions.component.html,product,product-embedded-emissions/product-embedded-emissions.component.html,table-column:product,when-rows,read-only-display,n/a,—,cbam:view,n/a-ui-only,product,n/a,CbamProductEmbeddedEmissionsService,—,NOT_PERSISTED,product,NOT_PERSISTED,no-matching-column,none-or-row-version-conflict,user-guide/11-*.md
product-embedded-emissions,product-embedded-emissions/product-embedded-emissions.component.html,cn,product-embedded-emissions/product-embedded-emissions.component.html,table-column:cn,when-rows,read-only-display,n/a,—,cbam:view,n/a-ui-only,cn,n/a,CbamProductEmbeddedEmissionsService,—,NOT_PERSISTED,cn,NOT_PERSISTED,no-matching-column,none-or-row-version-conflict,user-guide/11-*.md
product-embedded-emissions,product-embedded-emissions/product-embedded-emissions.component.html,profile,product-embedded-emissions/product-embedded-emissions.component.html,table-column:profile,when-rows,read-only-display,n/a,—,cbam:view,n/a-ui-only,profile,n/a,CbamProductEmbeddedEmissionsService,—,NOT_PERSISTED,profile,NOT_PERSISTED,no-matching-column,none-or-row-version-conflict,user-guide/11-*.md
product-embedded-emissions,product-embedded-emissions/product-embedded-emissions.component.html,output,product-embedded-emissions/product-embedded-emissions.component.html,table-column:output,when-rows,read-only-display,n/a,—,cbam:view,n/a-ui-only,output,n/a,CbamProductEmbeddedEmissionsService,—,NOT_PERSISTED,output,NOT_PERSISTED,no-matching-column,none-or-row-version-conflict,user-guide/11-*.md
product-embedded-emissions,product-embedded-emissions/product-embedded-emissions.component.html,direct,product-embedded-emissions/product-embedded-emissions.component.html,table-column:direct,when-rows,read-only-display,n/a,—,cbam:view,n/a-ui-only,direct,n/a,CbamProductEmbeddedEmissionsService,—,NOT_PERSISTED,direct,NOT_PERSISTED,no-matching-column,none-or-row-version-conflict,user-guide/11-*.md
product-embedded-emissions,product-embedded-emissions/product-embedded-emissions.component.html,indirect,product-embedded-emissions/product-embedded-emissions.component.html,table-column:indirect,when-rows,read-only-display,n/a,—,cbam:view,n/a-ui-only,indirect,n/a,CbamProductEmbeddedEmissionsService,—,NOT_PERSISTED,indirect,NOT_PERSISTED,no-matching-column,none-or-row-version-conflict,user-guide/11-*.md
product-embedded-emissions,product-embedded-emissions/product-embedded-emissions.component.html,total,product-embedded-emissions/product-embedded-emissions.component.html,table-column:total,when-rows,read-only-display,n/a,—,cbam:view,POST …/product-embedded-emissions/executions; GET readiness|summary|results,total,n/a,CbamProductEmbeddedEmissionsService,—,NOT_PERSISTED,total,NOT_PERSISTED,no-matching-column,stale-until-recalculate-or-new-execution,user-guide/11-*.md
product-embedded-emissions,product-embedded-emissions/product-embedded-emissions.component.html,specificDirect,product-embedded-emissions/product-embedded-emissions.component.html,table-column:specificDirect,when-rows,read-only-display,n/a,—,cbam:view,POST …/product-embedded-emissions/executions; GET readiness|summary|results,specificDirect,CbamProductEmbeddedEmissionsProduct ORM / API DTO,CbamProductEmbeddedEmissionsService,CbamProductEmbeddedEmissionsProduct,cbam_product_embedded_emissions_products,specific_direct,USER_INPUT,server-schema,none-or-row-version-conflict,user-guide/11-*.md
product-embedded-emissions,product-embedded-emissions/product-embedded-emissions.component.html,specificIndirect,product-embedded-emissions/product-embedded-emissions.component.html,table-column:specificIndirect,when-rows,read-only-display,n/a,—,cbam:view,POST …/product-embedded-emissions/executions; GET readiness|summary|results,specificIndirect,CbamProductEmbeddedEmissionsProduct ORM / API DTO,CbamProductEmbeddedEmissionsService,CbamProductEmbeddedEmissionsProduct,cbam_product_embedded_emissions_products,specific_indirect,USER_INPUT,server-schema,none-or-row-version-conflict,user-guide/11-*.md
product-embedded-emissions,product-embedded-emissions/product-embedded-emissions.component.html,specificTotal,product-embedded-emissions/product-embedded-emissions.component.html,table-column:specificTotal,when-rows,read-only-display,n/a,—,cbam:view,POST …/product-embedded-emissions/executions; GET readiness|summary|results,specificTotal,CbamProductEmbeddedEmissionsProduct ORM / API DTO,CbamProductEmbeddedEmissionsService,CbamProductEmbeddedEmissionsProduct,cbam_product_embedded_emissions_products,specific_total,USER_INPUT,server-schema,none-or-row-version-conflict,user-guide/11-*.md
product-embedded-emissions,product-embedded-emissions/product-embedded-emissions.component.html,status,product-embedded-emissions/product-embedded-emissions.component.html,table-column:status,when-rows,read-only-display,n/a,—,cbam:view,POST …/product-embedded-emissions/executions; GET readiness|summary|results,status,CbamProductEmbeddedEmissionsResult ORM / API DTO,CbamProductEmbeddedEmissionsService,CbamProductEmbeddedEmissionsResult,cbam_product_embedded_emissions_results,status,DERIVED_STATUS,server-authoritative,none-or-row-version-conflict,user-guide/11-*.md
product-embedded-emissions,product-embedded-emissions/product-embedded-emissions.component.html,created,product-embedded-emissions/product-embedded-emissions.component.html,table-column:created,when-rows,read-only-display,n/a,datetime,cbam:view,n/a-ui-only,created,n/a,CbamProductEmbeddedEmissionsService,—,NOT_PERSISTED,created,NOT_PERSISTED,no-matching-column,none-or-row-version-conflict,user-guide/11-*.md
product-embedded-emissions,product-embedded-emissions/product-embedded-emissions.component.html,method,product-embedded-emissions/product-embedded-emissions.component.html,table-column:method,when-rows,read-only-display,n/a,—,cbam:view,n/a-ui-only,method,n/a,CbamProductEmbeddedEmissionsService,—,NOT_PERSISTED,method,NOT_PERSISTED,no-matching-column,none-or-row-version-conflict,user-guide/11-*.md
product-embedded-emissions,product-embedded-emissions/product-embedded-emissions.component.html,products,product-embedded-emissions/product-embedded-emissions.component.html,table-column:products,when-rows,read-only-display,n/a,—,cbam:view,n/a-ui-only,products,n/a,CbamProductEmbeddedEmissionsService,—,NOT_PERSISTED,products,NOT_PERSISTED,no-matching-column,none-or-row-version-conflict,user-guide/11-*.md
product-embedded-emissions,product-embedded-emissions/product-embedded-emissions.component.html,actions,product-embedded-emissions/product-embedded-emissions.component.html,table-column:actions,when-rows,read-only-display,n/a,—,cbam:view,n/a-ui-only,actions,n/a,CbamProductEmbeddedEmissionsService,—,NOT_PERSISTED,actions,NOT_PERSISTED,no-matching-column,none-or-row-version-conflict,user-guide/11-*.md
product-embedded-emissions,product-embedded-emissions/product-embedded-emissions.component.html,[display:surface-card readiness-section],product-embedded-emissions/product-embedded-emissions.component.html,"class=""surface-card readiness-section""",conditional-css,read-only,n/a,—,cbam:view,POST …/product-embedded-emissions/executions; GET readiness|summary|results,—,n/a,CbamProductEmbeddedEmissionsService,—,DERIVED_STATUS,UI_STATUS,DERIVED_STATUS,n/a-display-or-derived,may reflect stale,user-guide/11-*.md
product-embedded-emissions,product-embedded-emissions/product-embedded-emissions.component.html,[display:readiness-status],product-embedded-emissions/product-embedded-emissions.component.html,"class=""readiness-status""",conditional-css,read-only,n/a,—,cbam:view,POST …/product-embedded-emissions/executions; GET readiness|summary|results,—,n/a,CbamProductEmbeddedEmissionsService,—,DERIVED_STATUS,UI_STATUS,DERIVED_STATUS,n/a-display-or-derived,may reflect stale,user-guide/11-*.md
product-embedded-emissions,product-embedded-emissions/product-embedded-emissions.component.html,[display:status-text],product-embedded-emissions/product-embedded-emissions.component.html,"class=""status-text""",conditional-css,read-only,n/a,—,cbam:view,POST …/product-embedded-emissions/executions; GET readiness|summary|results,—,n/a,CbamProductEmbeddedEmissionsService,—,DERIVED_STATUS,UI_STATUS,DERIVED_STATUS,n/a-display-or-derived,may reflect stale,user-guide/11-*.md
product-embedded-emissions,product-embedded-emissions/product-embedded-emissions.component.html,[display:readiness-message],product-embedded-emissions/product-embedded-emissions.component.html,"class=""readiness-message""",conditional-css,read-only,n/a,—,cbam:view,POST …/product-embedded-emissions/executions; GET readiness|summary|results,—,n/a,CbamProductEmbeddedEmissionsService,—,DERIVED_STATUS,UI_STATUS,DERIVED_STATUS,n/a-display-or-derived,may reflect stale,user-guide/11-*.md
product-embedded-emissions,product-embedded-emissions/product-embedded-emissions.component.html,[display:readonly-grid readiness-grid],product-embedded-emissions/product-embedded-emissions.component.html,"class=""readonly-grid readiness-grid""",conditional-css,read-only,n/a,—,cbam:view,POST …/product-embedded-emissions/executions; GET readiness|summary|results,—,n/a,CbamProductEmbeddedEmissionsService,—,DERIVED_STATUS,UI_STATUS,DERIVED_STATUS,n/a-display-or-derived,may reflect stale,user-guide/11-*.md
product-embedded-emissions,product-embedded-emissions/product-embedded-emissions.component.html,[display:detail-status status-text],product-embedded-emissions/product-embedded-emissions.component.html,"class=""detail-status status-text""",conditional-css,read-only,n/a,—,cbam:view,POST …/product-embedded-emissions/executions; GET readiness|summary|results,—,n/a,CbamProductEmbeddedEmissionsService,—,DERIVED_STATUS,UI_STATUS,DERIVED_STATUS,n/a-display-or-derived,may reflect stale,user-guide/11-*.md
product-profiles,product-profiles/product-profiles.component.html,Profile name,product-profiles/product-profiles.component.html,formControlName=productName,template-present,editable-if-configure,optional/unknown,—,cbam:configure for writes / cbam:view for reads,GET|POST|PATCH …/product-profile-versions; GET …/cn-codes/search,productName,CbamProductProfileVersion ORM / API DTO,CbamProductProfileService,CbamProductProfileVersion,cbam_product_profile_versions,product_name,USER_INPUT,server-schema,none-or-row-version-conflict,user-guide/04-*.md
product-profiles,product-profiles/product-profiles.component.html,CN code,product-profiles/product-profiles.component.html,formControlName=cnSearch,template-present,editable-if-configure,optional/unknown,—,cbam:configure for writes / cbam:view for reads,n/a-ui-only,cnSearch,n/a,CbamProductProfileService,—,NOT_PERSISTED,cn_search,NOT_PERSISTED,no-matching-column,none-or-row-version-conflict,user-guide/04-*.md
product-profiles,product-profiles/product-profiles.component.html,Reducing material,product-profiles/product-profiles.component.html,formControlName=reducingAgent,template-present,editable-if-configure,optional/unknown,—,cbam:configure for writes / cbam:view for reads,GET|POST|PATCH …/product-profile-versions; GET …/cn-codes/search,reducingAgent,CbamProductProfileVersion ORM / API DTO,CbamProductProfileService,CbamProductProfileVersion,cbam_product_profile_versions,reducing_agent,USER_INPUT,server-schema,none-or-row-version-conflict,user-guide/04-*.md
product-profiles,product-profiles/product-profiles.component.html,Steel mill ID,product-profiles/product-profiles.component.html,formControlName=steelMillIdentificationNumber,template-present,editable-if-configure,optional/unknown,—,cbam:configure for writes / cbam:view for reads,GET|POST|PATCH …/product-profile-versions; GET …/cn-codes/search,steelMillIdentificationNumber,CbamProductProfileVersion ORM / API DTO,CbamProductProfileService,CbamProductProfileVersion,cbam_product_profile_versions,steel_mill_identification_number,USER_INPUT,server-schema,none-or-row-version-conflict,user-guide/04-*.md
product-profiles,product-profiles/product-profiles.component.html,"Manganese (Mn), %",product-profiles/product-profiles.component.html,formControlName=percentMn,template-present,editable-if-configure,optional/unknown,%,cbam:configure for writes / cbam:view for reads,GET|POST|PATCH …/product-profile-versions; GET …/cn-codes/search,percentMn,CbamProductProfileVersion ORM / API DTO,CbamProductProfileService,CbamProductProfileVersion,cbam_product_profile_versions,percent_mn,USER_INPUT,server-schema,none-or-row-version-conflict,user-guide/04-*.md
product-profiles,product-profiles/product-profiles.component.html,"Chromium (Cr), %",product-profiles/product-profiles.component.html,formControlName=percentCr,template-present,editable-if-configure,optional/unknown,%,cbam:configure for writes / cbam:view for reads,GET|POST|PATCH …/product-profile-versions; GET …/cn-codes/search,percentCr,CbamProductProfileVersion ORM / API DTO,CbamProductProfileService,CbamProductProfileVersion,cbam_product_profile_versions,percent_cr,USER_INPUT,server-schema,none-or-row-version-conflict,user-guide/04-*.md
product-profiles,product-profiles/product-profiles.component.html,"Nickel (Ni), %",product-profiles/product-profiles.component.html,formControlName=percentNi,template-present,editable-if-configure,optional/unknown,%,cbam:configure for writes / cbam:view for reads,GET|POST|PATCH …/product-profile-versions; GET …/cn-codes/search,percentNi,CbamProductProfileVersion ORM / API DTO,CbamProductProfileService,CbamProductProfileVersion,cbam_product_profile_versions,percent_ni,USER_INPUT,server-schema,none-or-row-version-conflict,user-guide/04-*.md
product-profiles,product-profiles/product-profiles.component.html,"Other alloys, %",product-profiles/product-profiles.component.html,formControlName=percentOtherAlloys,template-present,editable-if-configure,optional/unknown,%,cbam:configure for writes / cbam:view for reads,GET|POST|PATCH …/product-profile-versions; GET …/cn-codes/search,percentOtherAlloys,CbamProductProfileVersion ORM / API DTO,CbamProductProfileService,CbamProductProfileVersion,cbam_product_profile_versions,percent_other_alloys,USER_INPUT,server-schema,none-or-row-version-conflict,user-guide/04-*.md
product-profiles,product-profiles/product-profiles.component.html,"Other materials, %",product-profiles/product-profiles.component.html,formControlName=percentOtherMaterials,template-present,editable-if-configure,optional/unknown,%,cbam:configure for writes / cbam:view for reads,GET|POST|PATCH …/product-profile-versions; GET …/cn-codes/search,percentOtherMaterials,CbamProductProfileVersion ORM / API DTO,CbamProductProfileService,CbamProductProfileVersion,cbam_product_profile_versions,percent_other_materials,USER_INPUT,server-schema,none-or-row-version-conflict,user-guide/04-*.md
product-profiles,product-profiles/product-profiles.component.html,Valid from,product-profiles/product-profiles.component.html,formControlName=validFrom,template-present,editable-if-configure,optional/unknown,—,cbam:configure for writes / cbam:view for reads,GET|POST|PATCH …/product-profile-versions; GET …/cn-codes/search,validFrom,CbamProductProfileVersion ORM / API DTO,CbamProductProfileService,CbamProductProfileVersion,cbam_product_profile_versions,valid_from,USER_INPUT,server-schema,none-or-row-version-conflict,user-guide/04-*.md
product-profiles,product-profiles/product-profiles.component.html,Valid to,product-profiles/product-profiles.component.html,formControlName=validTo,template-present,editable-if-configure,optional/unknown,—,cbam:configure for writes / cbam:view for reads,GET|POST|PATCH …/product-profile-versions; GET …/cn-codes/search,validTo,CbamProductProfileVersion ORM / API DTO,CbamProductProfileService,CbamProductProfileVersion,cbam_product_profile_versions,valid_to,USER_INPUT,server-schema,none-or-row-version-conflict,user-guide/04-*.md
product-profiles,product-profiles/product-profiles.component.html,version,product-profiles/product-profiles.component.html,table-column:version,when-rows,read-only-display,n/a,—,cbam:view,GET|POST|PATCH …/product-profile-versions; GET …/cn-codes/search,version,CbamProductProfileVersion ORM / API DTO,CbamProductProfileService,CbamProductProfileVersion,cbam_product_profile_versions,version,USER_INPUT,server-schema,none-or-row-version-conflict,user-guide/04-*.md
product-profiles,product-profiles/product-profiles.component.html,status,product-profiles/product-profiles.component.html,table-column:status,when-rows,read-only-display,n/a,—,cbam:view,GET|POST|PATCH …/product-profile-versions; GET …/cn-codes/search,status,CbamProductProfileVersion ORM / API DTO,CbamProductProfileService,CbamProductProfileVersion,cbam_product_profile_versions,status,USER_INPUT,server-schema,none-or-row-version-conflict,user-guide/04-*.md
product-profiles,product-profiles/product-profiles.component.html,cn,product-profiles/product-profiles.component.html,table-column:cn,when-rows,read-only-display,n/a,—,cbam:view,n/a-ui-only,cn,n/a,CbamProductProfileService,—,NOT_PERSISTED,cn,NOT_PERSISTED,no-matching-column,none-or-row-version-conflict,user-guide/04-*.md
product-profiles,product-profiles/product-profiles.component.html,ready,product-profiles/product-profiles.component.html,table-column:ready,when-rows,read-only-display,n/a,—,cbam:view,n/a-ui-only,ready,n/a,CbamProductProfileService,—,NOT_PERSISTED,ready,NOT_PERSISTED,no-matching-column,none-or-row-version-conflict,user-guide/04-*.md
product-profiles,product-profiles/product-profiles.component.html,actions,product-profiles/product-profiles.component.html,table-column:actions,when-rows,read-only-display,n/a,—,cbam:view,n/a-ui-only,actions,n/a,CbamProductProfileService,—,NOT_PERSISTED,actions,NOT_PERSISTED,no-matching-column,none-or-row-version-conflict,user-guide/04-*.md
product-profiles,product-profiles/product-profiles.component.html,Profile name,product-profiles/product-profiles.component.html,mat-label,template-present,label,n/a,—,cbam:view,n/a-ui-only,—,n/a,CbamProductProfileService,—,NOT_PERSISTED,UI_ONLY,NOT_PERSISTED,n/a-display-or-derived,none-or-row-version-conflict,user-guide/04-*.md
product-profiles,product-profiles/product-profiles.component.html,CN code,product-profiles/product-profiles.component.html,mat-label,template-present,label,n/a,—,cbam:view,n/a-ui-only,—,n/a,CbamProductProfileService,—,NOT_PERSISTED,UI_ONLY,NOT_PERSISTED,n/a-display-or-derived,none-or-row-version-conflict,user-guide/04-*.md
product-profiles,product-profiles/product-profiles.component.html,Reducing material,product-profiles/product-profiles.component.html,mat-label,template-present,label,n/a,—,cbam:view,n/a-ui-only,—,n/a,CbamProductProfileService,—,NOT_PERSISTED,UI_ONLY,NOT_PERSISTED,n/a-display-or-derived,none-or-row-version-conflict,user-guide/04-*.md
product-profiles,product-profiles/product-profiles.component.html,Steel mill ID,product-profiles/product-profiles.component.html,mat-label,template-present,label,n/a,—,cbam:view,n/a-ui-only,—,n/a,CbamProductProfileService,—,NOT_PERSISTED,UI_ONLY,NOT_PERSISTED,n/a-display-or-derived,none-or-row-version-conflict,user-guide/04-*.md
product-profiles,product-profiles/product-profiles.component.html,"Manganese (Mn), %",product-profiles/product-profiles.component.html,mat-label,template-present,label,n/a,%,cbam:view,n/a-ui-only,—,n/a,CbamProductProfileService,—,NOT_PERSISTED,UI_ONLY,NOT_PERSISTED,n/a-display-or-derived,none-or-row-version-conflict,user-guide/04-*.md
product-profiles,product-profiles/product-profiles.component.html,"Chromium (Cr), %",product-profiles/product-profiles.component.html,mat-label,template-present,label,n/a,%,cbam:view,n/a-ui-only,—,n/a,CbamProductProfileService,—,NOT_PERSISTED,UI_ONLY,NOT_PERSISTED,n/a-display-or-derived,none-or-row-version-conflict,user-guide/04-*.md
product-profiles,product-profiles/product-profiles.component.html,"Nickel (Ni), %",product-profiles/product-profiles.component.html,mat-label,template-present,label,n/a,%,cbam:view,n/a-ui-only,—,n/a,CbamProductProfileService,—,NOT_PERSISTED,UI_ONLY,NOT_PERSISTED,n/a-display-or-derived,none-or-row-version-conflict,user-guide/04-*.md
product-profiles,product-profiles/product-profiles.component.html,"Other alloys, %",product-profiles/product-profiles.component.html,mat-label,template-present,label,n/a,%,cbam:view,n/a-ui-only,—,n/a,CbamProductProfileService,—,NOT_PERSISTED,UI_ONLY,NOT_PERSISTED,n/a-display-or-derived,none-or-row-version-conflict,user-guide/04-*.md
product-profiles,product-profiles/product-profiles.component.html,"Other materials, %",product-profiles/product-profiles.component.html,mat-label,template-present,label,n/a,%,cbam:view,n/a-ui-only,—,n/a,CbamProductProfileService,—,NOT_PERSISTED,UI_ONLY,NOT_PERSISTED,n/a-display-or-derived,none-or-row-version-conflict,user-guide/04-*.md
product-profiles,product-profiles/product-profiles.component.html,Valid from,product-profiles/product-profiles.component.html,mat-label,template-present,label,n/a,—,cbam:view,n/a-ui-only,—,n/a,CbamProductProfileService,—,NOT_PERSISTED,UI_ONLY,NOT_PERSISTED,n/a-display-or-derived,none-or-row-version-conflict,user-guide/04-*.md
product-profiles,product-profiles/product-profiles.component.html,Valid to,product-profiles/product-profiles.component.html,mat-label,template-present,label,n/a,—,cbam:view,n/a-ui-only,—,n/a,CbamProductProfileService,—,NOT_PERSISTED,UI_ONLY,NOT_PERSISTED,n/a-display-or-derived,none-or-row-version-conflict,user-guide/04-*.md
product-profiles,product-profiles/product-profiles.component.html,[display:status-row],product-profiles/product-profiles.component.html,"class=""status-row""",conditional-css,read-only,n/a,—,cbam:view,GET|POST|PATCH …/product-profile-versions; GET …/cn-codes/search,—,n/a,CbamProductProfileService,—,DERIVED_STATUS,UI_STATUS,DERIVED_STATUS,n/a-display-or-derived,may reflect stale,user-guide/04-*.md
product-profiles,product-profiles/product-profiles.component.html,[display:readiness-summary],product-profiles/product-profiles.component.html,"class=""readiness-summary""",conditional-css,read-only,n/a,—,cbam:view,GET|POST|PATCH …/product-profile-versions; GET …/cn-codes/search,—,n/a,CbamProductProfileService,—,DERIVED_STATUS,UI_STATUS,DERIVED_STATUS,n/a-display-or-derived,may reflect stale,user-guide/04-*.md
production-processes,production-processes/production-processes.component.html,Installation,production-processes/production-processes.component.html,formControlName=installationProfileId,template-present,editable-if-configure,required,—,cbam:configure for writes / cbam:view for reads,GET|POST|PATCH …/production-processes; product-uses CRUD,installationProfileId,CbamProductionProcess ORM / API DTO,CbamProductionProcessService,CbamProductionProcess,cbam_production_processes,installation_profile_id,USER_INPUT,required-client+server,none-or-row-version-conflict,user-guide/09-*.md
production-processes,production-processes/production-processes.component.html,Process name,production-processes/production-processes.component.html,formControlName=name,template-present,editable-if-configure,optional/unknown,—,cbam:configure for writes / cbam:view for reads,GET|POST|PATCH …/production-processes; product-uses CRUD,name,CbamProductionProcess ORM / API DTO,CbamProductionProcessService,CbamProductionProcess,cbam_production_processes,name,USER_INPUT,server-schema,none-or-row-version-conflict,user-guide/09-*.md
production-processes,production-processes/production-processes.component.html,Process identifier,production-processes/production-processes.component.html,formControlName=identifier,template-present,editable-if-configure,optional/unknown,—,cbam:configure for writes / cbam:view for reads,GET|POST|PATCH …/production-processes; product-uses CRUD,identifier,CbamProductionProcess ORM / API DTO,CbamProductionProcessService,CbamProductionProcess,cbam_production_processes,identifier,USER_INPUT,server-schema,none-or-row-version-conflict,user-guide/09-*.md
production-processes,production-processes/production-processes.component.html,Product profile,production-processes/production-processes.component.html,formControlName=productProfileVersionId,template-present,editable-if-configure,optional/unknown,—,cbam:configure for writes / cbam:view for reads,GET|POST|PATCH …/production-processes; product-uses CRUD,productProfileVersionId,CbamProductionProcess ORM / API DTO,CbamProductionProcessService,CbamProductionProcess,cbam_production_processes,product_profile_version_id,USER_INPUT,server-schema,none-or-row-version-conflict,user-guide/09-*.md
production-processes,production-processes/production-processes.component.html,Calculation method,production-processes/production-processes.component.html,formControlName=calculationMethod,template-present,editable-if-configure,optional/unknown,—,cbam:configure for writes / cbam:view for reads,GET|POST|PATCH …/production-processes; product-uses CRUD,calculationMethod,CbamProductionProcess ORM / API DTO,CbamProductionProcessService,CbamProductionProcess,cbam_production_processes,calculation_method,USER_INPUT,server-schema,none-or-row-version-conflict,user-guide/09-*.md
production-processes,production-processes/production-processes.component.html,Produced quantity,production-processes/production-processes.component.html,formControlName=producedQuantity,template-present,editable-if-configure,optional/unknown,t,cbam:configure for writes / cbam:view for reads,GET|POST|PATCH …/production-processes; product-uses CRUD,producedQuantity,CbamProductionProcess ORM / API DTO,CbamProductionProcessService,CbamProductionProcess,cbam_production_processes,produced_quantity,USER_INPUT,server-schema,none-or-row-version-conflict,user-guide/09-*.md
production-processes,production-processes/production-processes.component.html,Unit,production-processes/production-processes.component.html,formControlName=producedQuantityUnit,template-present,editable-if-configure,optional/unknown,t,cbam:configure for writes / cbam:view for reads,GET|POST|PATCH …/production-processes; product-uses CRUD,producedQuantityUnit,CbamProductionProcess ORM / API DTO,CbamProductionProcessService,CbamProductionProcess,cbam_production_processes,produced_quantity_unit,USER_INPUT,server-schema,none-or-row-version-conflict,user-guide/09-*.md
production-processes,production-processes/production-processes.component.html,Quantity,production-processes/production-processes.component.html,formControlName=marketedQuantity,template-present,editable-if-configure,optional/unknown,t,cbam:configure for writes / cbam:view for reads,GET|POST|PATCH …/production-processes; product-uses CRUD,marketedQuantity,CbamProductionProcess ORM / API DTO,CbamProductionProcessService,CbamProductionProcess,cbam_production_processes,marketed_quantity,USER_INPUT,server-schema,none-or-row-version-conflict,user-guide/09-*.md
production-processes,production-processes/production-processes.component.html,Unit,production-processes/production-processes.component.html,formControlName=marketedQuantityUnit,template-present,editable-if-configure,optional/unknown,t,cbam:configure for writes / cbam:view for reads,GET|POST|PATCH …/production-processes; product-uses CRUD,marketedQuantityUnit,CbamProductionProcess ORM / API DTO,CbamProductionProcessService,CbamProductionProcess,cbam_production_processes,marketed_quantity_unit,USER_INPUT,server-schema,none-or-row-version-conflict,user-guide/09-*.md
production-processes,production-processes/production-processes.component.html,Target product,production-processes/production-processes.component.html,formControlName=targetProductProfileVersionId,template-present,editable-if-configure,optional/unknown,—,cbam:configure for writes / cbam:view for reads,GET|POST|PATCH …/production-processes; product-uses CRUD,targetProductProfileVersionId,CbamProductionProcessProductUse ORM / API DTO,CbamProductionProcessService,CbamProductionProcessProductUse,cbam_production_process_product_uses,target_product_profile_version_id,USER_INPUT,server-schema,none-or-row-version-conflict,user-guide/09-*.md
production-processes,production-processes/production-processes.component.html,Quantity,production-processes/production-processes.component.html,formControlName=quantity,template-present,editable-if-configure,optional/unknown,t,cbam:configure for writes / cbam:view for reads,GET|POST|PATCH …/production-processes; product-uses CRUD,quantity,CbamProductionProcessProductUse ORM / API DTO,CbamProductionProcessService,CbamProductionProcessProductUse,cbam_production_process_product_uses,quantity,USER_INPUT,server-schema,none-or-row-version-conflict,user-guide/09-*.md
production-processes,production-processes/production-processes.component.html,Unit,production-processes/production-processes.component.html,formControlName=unit,template-present,editable-if-configure,optional/unknown,—,cbam:configure for writes / cbam:view for reads,GET|POST|PATCH …/production-processes; product-uses CRUD,unit,CbamProductionProcessProductUse ORM / API DTO,CbamProductionProcessService,CbamProductionProcessProductUse,cbam_production_process_product_uses,unit,USER_INPUT,server-schema,none-or-row-version-conflict,user-guide/09-*.md
production-processes,production-processes/production-processes.component.html,Quantity,production-processes/production-processes.component.html,formControlName=nonCbamQuantity,template-present,editable-if-configure,optional/unknown,t,cbam:configure for writes / cbam:view for reads,GET|POST|PATCH …/production-processes; product-uses CRUD,nonCbamQuantity,CbamProductionProcess ORM / API DTO,CbamProductionProcessService,CbamProductionProcess,cbam_production_processes,non_cbam_quantity,USER_INPUT,server-schema,none-or-row-version-conflict,user-guide/09-*.md
production-processes,production-processes/production-processes.component.html,Unit,production-processes/production-processes.component.html,formControlName=nonCbamQuantityUnit,template-present,editable-if-configure,optional/unknown,t,cbam:configure for writes / cbam:view for reads,GET|POST|PATCH …/production-processes; product-uses CRUD,nonCbamQuantityUnit,CbamProductionProcess ORM / API DTO,CbamProductionProcessService,CbamProductionProcess,cbam_production_processes,non_cbam_quantity_unit,USER_INPUT,server-schema,none-or-row-version-conflict,user-guide/09-*.md
production-processes,production-processes/production-processes.component.html,Has measurable heat,production-processes/production-processes.component.html,formControlName=hasMeasurableHeat,template-present,editable-if-configure,optional/unknown,—,cbam:configure for writes / cbam:view for reads,GET|POST|PATCH …/production-processes; product-uses CRUD,hasMeasurableHeat,CbamProductionProcess ORM / API DTO,CbamProductionProcessService,CbamProductionProcess,cbam_production_processes,has_measurable_heat,USER_INPUT,server-schema,none-or-row-version-conflict,user-guide/09-*.md
production-processes,production-processes/production-processes.component.html,Imported heat amount ({{ heatQuantityUnit }}),production-processes/production-processes.component.html,formControlName=heatImportedQuantity,template-present,editable-if-configure,optional/unknown,t,cbam:configure for writes / cbam:view for reads,GET|POST|PATCH …/production-processes; product-uses CRUD,heatImportedQuantity,CbamProductionProcess ORM / API DTO,CbamProductionProcessService,CbamProductionProcess,cbam_production_processes,heat_imported_quantity,USER_INPUT,server-schema,none-or-row-version-conflict,user-guide/09-*.md
production-processes,production-processes/production-processes.component.html,Imported heat factor ({{ heatFactorUnit }}),production-processes/production-processes.component.html,formControlName=heatImportedEf,template-present,editable-if-configure,optional/unknown,factor-unit,cbam:configure for writes / cbam:view for reads,GET|POST|PATCH …/production-processes; product-uses CRUD,heatImportedEf,CbamProductionProcess ORM / API DTO,CbamProductionProcessService,CbamProductionProcess,cbam_production_processes,heat_imported_ef,USER_INPUT,server-schema,none-or-row-version-conflict,user-guide/09-*.md
production-processes,production-processes/production-processes.component.html,Exported heat amount ({{ heatQuantityUnit }}),production-processes/production-processes.component.html,formControlName=heatExportedQuantity,template-present,editable-if-configure,optional/unknown,t,cbam:configure for writes / cbam:view for reads,GET|POST|PATCH …/production-processes; product-uses CRUD,heatExportedQuantity,CbamProductionProcess ORM / API DTO,CbamProductionProcessService,CbamProductionProcess,cbam_production_processes,heat_exported_quantity,USER_INPUT,server-schema,none-or-row-version-conflict,user-guide/09-*.md
production-processes,production-processes/production-processes.component.html,Exported heat factor ({{ heatFactorUnit }}),production-processes/production-processes.component.html,formControlName=heatExportedEf,template-present,editable-if-configure,optional/unknown,factor-unit,cbam:configure for writes / cbam:view for reads,GET|POST|PATCH …/production-processes; product-uses CRUD,heatExportedEf,CbamProductionProcess ORM / API DTO,CbamProductionProcessService,CbamProductionProcess,cbam_production_processes,heat_exported_ef,USER_INPUT,server-schema,none-or-row-version-conflict,user-guide/09-*.md
production-processes,production-processes/production-processes.component.html,Factor source,production-processes/production-processes.component.html,formControlName=heatFactorSource,template-present,editable-if-configure,optional/unknown,factor-unit,cbam:configure for writes / cbam:view for reads,GET|POST|PATCH …/production-processes; product-uses CRUD,heatFactorSource,CbamProductionProcess ORM / API DTO,CbamProductionProcessService,CbamProductionProcess,cbam_production_processes,heat_factor_source,USER_INPUT,server-schema,none-or-row-version-conflict,user-guide/09-*.md
production-processes,production-processes/production-processes.component.html,Factor document,production-processes/production-processes.component.html,formControlName=heatFactorDocument,template-present,editable-if-configure,optional/unknown,factor-unit,cbam:configure for writes / cbam:view for reads,GET|POST|PATCH …/production-processes; product-uses CRUD,heatFactorDocument,CbamProductionProcess ORM / API DTO,CbamProductionProcessService,CbamProductionProcess,cbam_production_processes,heat_factor_document,USER_INPUT,server-schema,none-or-row-version-conflict,user-guide/09-*.md
production-processes,production-processes/production-processes.component.html,Has waste gas,production-processes/production-processes.component.html,formControlName=hasWasteGas,template-present,editable-if-configure,optional/unknown,—,cbam:configure for writes / cbam:view for reads,GET|POST|PATCH …/production-processes; product-uses CRUD,hasWasteGas,CbamProductionProcess ORM / API DTO,CbamProductionProcessService,CbamProductionProcess,cbam_production_processes,has_waste_gas,USER_INPUT,server-schema,none-or-row-version-conflict,user-guide/09-*.md
production-processes,production-processes/production-processes.component.html,Imported waste gas ({{ wasteGasQuantityUnit }}),production-processes/production-processes.component.html,formControlName=wasteGasImportedQuantity,template-present,editable-if-configure,optional/unknown,t,cbam:configure for writes / cbam:view for reads,GET|POST|PATCH …/production-processes; product-uses CRUD,wasteGasImportedQuantity,CbamProductionProcess ORM / API DTO,CbamProductionProcessService,CbamProductionProcess,cbam_production_processes,waste_gas_imported_quantity,USER_INPUT,server-schema,none-or-row-version-conflict,user-guide/09-*.md
production-processes,production-processes/production-processes.component.html,Exported waste gas ({{ wasteGasQuantityUnit }}),production-processes/production-processes.component.html,formControlName=wasteGasExportedQuantity,template-present,editable-if-configure,optional/unknown,t,cbam:configure for writes / cbam:view for reads,GET|POST|PATCH …/production-processes; product-uses CRUD,wasteGasExportedQuantity,CbamProductionProcess ORM / API DTO,CbamProductionProcessService,CbamProductionProcess,cbam_production_processes,waste_gas_exported_quantity,USER_INPUT,server-schema,none-or-row-version-conflict,user-guide/09-*.md
production-processes,production-processes/production-processes.component.html,Provenance,production-processes/production-processes.component.html,formControlName=wasteGasProvenance,template-present,editable-if-configure,optional/unknown,—,cbam:configure for writes / cbam:view for reads,GET|POST|PATCH …/production-processes; product-uses CRUD,wasteGasProvenance,CbamProductionProcess ORM / API DTO,CbamProductionProcessService,CbamProductionProcess,cbam_production_processes,waste_gas_provenance,USER_INPUT,server-schema,none-or-row-version-conflict,user-guide/09-*.md
production-processes,production-processes/production-processes.component.html,Has exported electricity,production-processes/production-processes.component.html,formControlName=hasExportedElectricity,template-present,editable-if-configure,optional/unknown,MWh,cbam:configure for writes / cbam:view for reads,GET|POST|PATCH …/production-processes; product-uses CRUD,hasExportedElectricity,CbamProductionProcess ORM / API DTO,CbamProductionProcessService,CbamProductionProcess,cbam_production_processes,has_exported_electricity,USER_INPUT,server-schema,none-or-row-version-conflict,user-guide/09-*.md
production-processes,production-processes/production-processes.component.html,Exported quantity ({{ exportedElectricityQuantityUnit }}),production-processes/production-processes.component.html,formControlName=exportedElectricityQuantity,template-present,editable-if-configure,optional/unknown,t,cbam:configure for writes / cbam:view for reads,GET|POST|PATCH …/production-processes; product-uses CRUD,exportedElectricityQuantity,CbamProductionProcess ORM / API DTO,CbamProductionProcessService,CbamProductionProcess,cbam_production_processes,exported_electricity_quantity,USER_INPUT,server-schema,none-or-row-version-conflict,user-guide/09-*.md
production-processes,production-processes/production-processes.component.html,Emission factor ({{ exportedElectricityFactorUnit }}),production-processes/production-processes.component.html,formControlName=exportedElectricityEmissionFactor,template-present,editable-if-configure,optional/unknown,tCO2e,cbam:configure for writes / cbam:view for reads,GET|POST|PATCH …/production-processes; product-uses CRUD,exportedElectricityEmissionFactor,CbamProductionProcess ORM / API DTO,CbamProductionProcessService,CbamProductionProcess,cbam_production_processes,exported_electricity_emission_factor,USER_INPUT,server-schema,none-or-row-version-conflict,user-guide/09-*.md
production-processes,production-processes/production-processes.component.html,Provenance,production-processes/production-processes.component.html,formControlName=exportedElectricityProvenance,template-present,editable-if-configure,optional/unknown,MWh,cbam:configure for writes / cbam:view for reads,GET|POST|PATCH …/production-processes; product-uses CRUD,exportedElectricityProvenance,CbamProductionProcess ORM / API DTO,CbamProductionProcessService,CbamProductionProcess,cbam_production_processes,exported_electricity_provenance,USER_INPUT,server-schema,none-or-row-version-conflict,user-guide/09-*.md
production-processes,production-processes/production-processes.component.html,Data quality,production-processes/production-processes.component.html,formControlName=dataQualityCode,template-present,editable-if-configure,optional/unknown,—,cbam:configure for writes / cbam:view for reads,GET|POST|PATCH …/production-processes; product-uses CRUD,dataQualityCode,CbamProductionProcess ORM / API DTO,CbamProductionProcessService,CbamProductionProcess,cbam_production_processes,data_quality_code,USER_INPUT,server-schema,none-or-row-version-conflict,user-guide/09-*.md
production-processes,production-processes/production-processes.component.html,Data verification,production-processes/production-processes.component.html,formControlName=dataVerificationCode,template-present,editable-if-configure,optional/unknown,—,cbam:configure for writes / cbam:view for reads,GET|POST|PATCH …/production-processes; product-uses CRUD,dataVerificationCode,CbamProductionProcess ORM / API DTO,CbamProductionProcessService,CbamProductionProcess,cbam_production_processes,data_verification_code,USER_INPUT,server-schema,none-or-row-version-conflict,user-guide/09-*.md
production-processes,production-processes/production-processes.component.html,Data quality justification,production-processes/production-processes.component.html,formControlName=dataQualityJustificationCode,template-present,editable-if-configure,optional/unknown,—,cbam:configure for writes / cbam:view for reads,GET|POST|PATCH …/production-processes; product-uses CRUD,dataQualityJustificationCode,CbamProductionProcess ORM / API DTO,CbamProductionProcessService,CbamProductionProcess,cbam_production_processes,data_quality_justification_code,USER_INPUT,server-schema,none-or-row-version-conflict,user-guide/09-*.md
production-processes,production-processes/production-processes.component.html,Notes,production-processes/production-processes.component.html,formControlName=notes,template-present,editable-if-configure,optional/unknown,—,cbam:configure for writes / cbam:view for reads,GET|POST|PATCH …/production-processes; product-uses CRUD,notes,CbamProductionProcess ORM / API DTO,CbamProductionProcessService,CbamProductionProcess,cbam_production_processes,notes,USER_INPUT,server-schema,none-or-row-version-conflict,user-guide/09-*.md
production-processes,production-processes/production-processes.component.html,name,production-processes/production-processes.component.html,table-column:name,when-rows,read-only-display,n/a,—,cbam:view,GET|POST|PATCH …/production-processes; product-uses CRUD,name,CbamProductionProcess ORM / API DTO,CbamProductionProcessService,CbamProductionProcess,cbam_production_processes,name,USER_INPUT,server-schema,none-or-row-version-conflict,user-guide/09-*.md
production-processes,production-processes/production-processes.component.html,product,production-processes/production-processes.component.html,table-column:product,when-rows,read-only-display,n/a,—,cbam:view,n/a-ui-only,product,n/a,CbamProductionProcessService,—,NOT_PERSISTED,product,NOT_PERSISTED,no-matching-column,none-or-row-version-conflict,user-guide/09-*.md
production-processes,production-processes/production-processes.component.html,method,production-processes/production-processes.component.html,table-column:method,when-rows,read-only-display,n/a,—,cbam:view,n/a-ui-only,method,n/a,CbamProductionProcessService,—,NOT_PERSISTED,method,NOT_PERSISTED,no-matching-column,none-or-row-version-conflict,user-guide/09-*.md
production-processes,production-processes/production-processes.component.html,status,production-processes/production-processes.component.html,table-column:status,when-rows,read-only-display,n/a,—,cbam:view,GET|POST|PATCH …/production-processes; product-uses CRUD,status,CbamProductionProcess ORM / API DTO,CbamProductionProcessService,CbamProductionProcess,cbam_production_processes,status,USER_INPUT,server-schema,none-or-row-version-conflict,user-guide/09-*.md
production-processes,production-processes/production-processes.component.html,balance,production-processes/production-processes.component.html,table-column:balance,when-rows,read-only-display,n/a,—,cbam:view,GET|POST|PATCH …/production-processes; product-uses CRUD,balance,n/a,CbamProductionProcessService,—,DERIVED_STATUS,balance,DERIVED_STATUS,no-matching-column,may-reflect-stale-upstream,user-guide/09-*.md
production-processes,production-processes/production-processes.component.html,actions,production-processes/production-processes.component.html,table-column:actions,when-rows,read-only-display,n/a,—,cbam:view,n/a-ui-only,actions,n/a,CbamProductionProcessService,—,NOT_PERSISTED,actions,NOT_PERSISTED,no-matching-column,none-or-row-version-conflict,user-guide/09-*.md
production-processes,production-processes/production-processes.component.html,Installation,production-processes/production-processes.component.html,mat-label,template-present,label,n/a,—,cbam:view,n/a-ui-only,—,n/a,CbamProductionProcessService,—,NOT_PERSISTED,UI_ONLY,NOT_PERSISTED,n/a-display-or-derived,none-or-row-version-conflict,user-guide/09-*.md
production-processes,production-processes/production-processes.component.html,Process name,production-processes/production-processes.component.html,mat-label,template-present,label,n/a,—,cbam:view,n/a-ui-only,—,n/a,CbamProductionProcessService,—,NOT_PERSISTED,UI_ONLY,NOT_PERSISTED,n/a-display-or-derived,none-or-row-version-conflict,user-guide/09-*.md
production-processes,production-processes/production-processes.component.html,Process identifier,production-processes/production-processes.component.html,mat-label,template-present,label,n/a,—,cbam:view,n/a-ui-only,—,n/a,CbamProductionProcessService,—,NOT_PERSISTED,UI_ONLY,NOT_PERSISTED,n/a-display-or-derived,none-or-row-version-conflict,user-guide/09-*.md
production-processes,production-processes/production-processes.component.html,Product profile,production-processes/production-processes.component.html,mat-label,template-present,label,n/a,—,cbam:view,n/a-ui-only,—,n/a,CbamProductionProcessService,—,NOT_PERSISTED,UI_ONLY,NOT_PERSISTED,n/a-display-or-derived,none-or-row-version-conflict,user-guide/09-*.md
production-processes,production-processes/production-processes.component.html,Produced quantity,production-processes/production-processes.component.html,mat-label,template-present,label,n/a,t,cbam:view,n/a-ui-only,—,n/a,CbamProductionProcessService,—,NOT_PERSISTED,UI_ONLY,NOT_PERSISTED,n/a-display-or-derived,none-or-row-version-conflict,user-guide/09-*.md
production-processes,production-processes/production-processes.component.html,Unit,production-processes/production-processes.component.html,mat-label,template-present,label,n/a,—,cbam:view,n/a-ui-only,—,n/a,CbamProductionProcessService,—,NOT_PERSISTED,UI_ONLY,NOT_PERSISTED,n/a-display-or-derived,none-or-row-version-conflict,user-guide/09-*.md
production-processes,production-processes/production-processes.component.html,Quantity,production-processes/production-processes.component.html,mat-label,template-present,label,n/a,t,cbam:view,n/a-ui-only,—,n/a,CbamProductionProcessService,—,NOT_PERSISTED,UI_ONLY,NOT_PERSISTED,n/a-display-or-derived,none-or-row-version-conflict,user-guide/09-*.md
production-processes,production-processes/production-processes.component.html,Target product,production-processes/production-processes.component.html,mat-label,template-present,label,n/a,—,cbam:view,n/a-ui-only,—,n/a,CbamProductionProcessService,—,NOT_PERSISTED,UI_ONLY,NOT_PERSISTED,n/a-display-or-derived,none-or-row-version-conflict,user-guide/09-*.md
production-processes,production-processes/production-processes.component.html,Imported heat amount ({{ heatQuantityUnit }}),production-processes/production-processes.component.html,mat-label,template-present,label,n/a,t,cbam:view,n/a-ui-only,—,n/a,CbamProductionProcessService,—,NOT_PERSISTED,UI_ONLY,NOT_PERSISTED,n/a-display-or-derived,none-or-row-version-conflict,user-guide/09-*.md
production-processes,production-processes/production-processes.component.html,Imported heat factor ({{ heatFactorUnit }}),production-processes/production-processes.component.html,mat-label,template-present,label,n/a,factor-unit,cbam:view,n/a-ui-only,—,n/a,CbamProductionProcessService,—,NOT_PERSISTED,UI_ONLY,NOT_PERSISTED,n/a-display-or-derived,none-or-row-version-conflict,user-guide/09-*.md
production-processes,production-processes/production-processes.component.html,Exported heat amount ({{ heatQuantityUnit }}),production-processes/production-processes.component.html,mat-label,template-present,label,n/a,t,cbam:view,n/a-ui-only,—,n/a,CbamProductionProcessService,—,NOT_PERSISTED,UI_ONLY,NOT_PERSISTED,n/a-display-or-derived,none-or-row-version-conflict,user-guide/09-*.md
production-processes,production-processes/production-processes.component.html,Exported heat factor ({{ heatFactorUnit }}),production-processes/production-processes.component.html,mat-label,template-present,label,n/a,factor-unit,cbam:view,n/a-ui-only,—,n/a,CbamProductionProcessService,—,NOT_PERSISTED,UI_ONLY,NOT_PERSISTED,n/a-display-or-derived,none-or-row-version-conflict,user-guide/09-*.md
production-processes,production-processes/production-processes.component.html,Factor source,production-processes/production-processes.component.html,mat-label,template-present,label,n/a,factor-unit,cbam:view,n/a-ui-only,—,n/a,CbamProductionProcessService,—,NOT_PERSISTED,UI_ONLY,NOT_PERSISTED,n/a-display-or-derived,none-or-row-version-conflict,user-guide/09-*.md
production-processes,production-processes/production-processes.component.html,Factor document,production-processes/production-processes.component.html,mat-label,template-present,label,n/a,factor-unit,cbam:view,n/a-ui-only,—,n/a,CbamProductionProcessService,—,NOT_PERSISTED,UI_ONLY,NOT_PERSISTED,n/a-display-or-derived,none-or-row-version-conflict,user-guide/09-*.md
production-processes,production-processes/production-processes.component.html,Imported waste gas ({{ wasteGasQuantityUnit }}),production-processes/production-processes.component.html,mat-label,template-present,label,n/a,t,cbam:view,n/a-ui-only,—,n/a,CbamProductionProcessService,—,NOT_PERSISTED,UI_ONLY,NOT_PERSISTED,n/a-display-or-derived,none-or-row-version-conflict,user-guide/09-*.md
production-processes,production-processes/production-processes.component.html,Exported waste gas ({{ wasteGasQuantityUnit }}),production-processes/production-processes.component.html,mat-label,template-present,label,n/a,t,cbam:view,n/a-ui-only,—,n/a,CbamProductionProcessService,—,NOT_PERSISTED,UI_ONLY,NOT_PERSISTED,n/a-display-or-derived,none-or-row-version-conflict,user-guide/09-*.md
production-processes,production-processes/production-processes.component.html,Provenance,production-processes/production-processes.component.html,mat-label,template-present,label,n/a,—,cbam:view,n/a-ui-only,—,n/a,CbamProductionProcessService,—,NOT_PERSISTED,UI_ONLY,NOT_PERSISTED,n/a-display-or-derived,none-or-row-version-conflict,user-guide/09-*.md
production-processes,production-processes/production-processes.component.html,Exported quantity ({{ exportedElectricityQuantityUnit }}),production-processes/production-processes.component.html,mat-label,template-present,label,n/a,t,cbam:view,n/a-ui-only,—,n/a,CbamProductionProcessService,—,NOT_PERSISTED,UI_ONLY,NOT_PERSISTED,n/a-display-or-derived,none-or-row-version-conflict,user-guide/09-*.md
production-processes,production-processes/production-processes.component.html,Emission factor ({{ exportedElectricityFactorUnit }}),production-processes/production-processes.component.html,mat-label,template-present,label,n/a,tCO2e,cbam:view,n/a-ui-only,—,n/a,CbamProductionProcessService,—,NOT_PERSISTED,UI_ONLY,NOT_PERSISTED,n/a-display-or-derived,none-or-row-version-conflict,user-guide/09-*.md
production-processes,production-processes/production-processes.component.html,Data quality,production-processes/production-processes.component.html,mat-label,template-present,label,n/a,—,cbam:view,n/a-ui-only,—,n/a,CbamProductionProcessService,—,NOT_PERSISTED,UI_ONLY,NOT_PERSISTED,n/a-display-or-derived,none-or-row-version-conflict,user-guide/09-*.md
production-processes,production-processes/production-processes.component.html,Data verification,production-processes/production-processes.component.html,mat-label,template-present,label,n/a,—,cbam:view,n/a-ui-only,—,n/a,CbamProductionProcessService,—,NOT_PERSISTED,UI_ONLY,NOT_PERSISTED,n/a-display-or-derived,none-or-row-version-conflict,user-guide/09-*.md
production-processes,production-processes/production-processes.component.html,Data quality justification,production-processes/production-processes.component.html,mat-label,template-present,label,n/a,—,cbam:view,n/a-ui-only,—,n/a,CbamProductionProcessService,—,NOT_PERSISTED,UI_ONLY,NOT_PERSISTED,n/a-display-or-derived,none-or-row-version-conflict,user-guide/09-*.md
production-processes,production-processes/production-processes.component.html,Notes,production-processes/production-processes.component.html,mat-label,template-present,label,n/a,—,cbam:view,n/a-ui-only,—,n/a,CbamProductionProcessService,—,NOT_PERSISTED,UI_ONLY,NOT_PERSISTED,n/a-display-or-derived,none-or-row-version-conflict,user-guide/09-*.md
production-processes,production-processes/production-processes.component.html,[display:result-badge],production-processes/production-processes.component.html,"class=""result-badge""",conditional-css,read-only,n/a,—,cbam:view,GET|POST|PATCH …/production-processes; product-uses CRUD,—,n/a,CbamProductionProcessService,—,DERIVED_STATUS,UI_STATUS,DERIVED_STATUS,n/a-display-or-derived,may reflect stale,user-guide/09-*.md
purchased-electricity,purchased-electricity/purchased-electricity.component.html,Electricity record,purchased-electricity/purchased-electricity.component.html,formControlName=activityRecordId,template-present,editable-if-configure,required,MWh,cbam:configure for writes / cbam:view for reads,POST …/purchased-electricity/executions; GET summary|results|default-factor,activityRecordId,PurchasedElectricityExecute,CbamPurchasedElectricityService,CbamPurchasedElectricityResult,cbam_purchased_electricity_results,activity_record_id,USER_INPUT,required FK,immutable-snapshot; superseded-via-current-pointer,user-guide/08-*.md
purchased-electricity,purchased-electricity/purchased-electricity.component.html,Factor source mode,purchased-electricity/purchased-electricity.component.html,formControlName=factorSourceMode,template-present,editable-if-configure,optional/unknown,factor-unit,cbam:configure for writes / cbam:view for reads,POST …/purchased-electricity/executions; GET summary|results|default-factor,factorSourceMode,CbamPurchasedElectricityResult ORM / API DTO,CbamPurchasedElectricityService,CbamPurchasedElectricityResult,cbam_purchased_electricity_results,factor_source_mode,SNAPSHOT,server-authoritative,stale-until-recalculate-or-new-execution,user-guide/08-*.md
purchased-electricity,purchased-electricity/purchased-electricity.component.html,Factor value,purchased-electricity/purchased-electricity.component.html,formControlName=manualValue,template-present,editable-if-configure,required,tCO2/MWh,cbam:configure for writes / cbam:view for reads,POST …/purchased-electricity/executions; GET summary|results|default-factor,manualValue,PurchasedElectricityExecute,CbamPurchasedElectricityService,CbamPurchasedElectricityResult,cbam_purchased_electricity_results,factor_value_snapshot,MANUAL_OVERRIDE,required when MANUAL; snapshotted,immutable-snapshot; superseded-via-current-pointer,user-guide/08-*.md
purchased-electricity,purchased-electricity/purchased-electricity.component.html,Factor unit,purchased-electricity/purchased-electricity.component.html,formControlName=manualUnit,template-present,editable-if-configure,required,factor-unit,cbam:configure for writes / cbam:view for reads,n/a-ui-only,manualUnit,n/a,CbamPurchasedElectricityService,—,NOT_PERSISTED,manual_unit,NOT_PERSISTED,no-matching-column,none-or-row-version-conflict,user-guide/08-*.md
purchased-electricity,purchased-electricity/purchased-electricity.component.html,Source name,purchased-electricity/purchased-electricity.component.html,formControlName=sourceName,template-present,editable-if-configure,required,—,cbam:configure for writes / cbam:view for reads,n/a-ui-only,sourceName,n/a,CbamPurchasedElectricityService,—,NOT_PERSISTED,source_name,NOT_PERSISTED,no-matching-column,none-or-row-version-conflict,user-guide/08-*.md
purchased-electricity,purchased-electricity/purchased-electricity.component.html,Source document,purchased-electricity/purchased-electricity.component.html,formControlName=sourceDocument,template-present,editable-if-configure,required,—,cbam:configure for writes / cbam:view for reads,n/a-ui-only,sourceDocument,n/a,CbamPurchasedElectricityService,—,NOT_PERSISTED,source_document,NOT_PERSISTED,no-matching-column,none-or-row-version-conflict,user-guide/08-*.md
purchased-electricity,purchased-electricity/purchased-electricity.component.html,Dataset / version,purchased-electricity/purchased-electricity.component.html,formControlName=datasetVersion,template-present,editable-if-configure,required,—,cbam:configure for writes / cbam:view for reads,POST …/purchased-electricity/executions; GET summary|results|default-factor,datasetVersion,n/a,CbamPurchasedElectricityService,—,NOT_PERSISTED,dataset_version,NOT_PERSISTED,ambiguous-column-multiple-tables,none-or-row-version-conflict,user-guide/08-*.md
purchased-electricity,purchased-electricity/purchased-electricity.component.html,Reference description,purchased-electricity/purchased-electricity.component.html,formControlName=referenceDescription,template-present,editable-if-configure,required,—,cbam:configure for writes / cbam:view for reads,n/a-ui-only,referenceDescription,n/a,CbamPurchasedElectricityService,—,NOT_PERSISTED,reference_description,NOT_PERSISTED,no-matching-column,none-or-row-version-conflict,user-guide/08-*.md
purchased-electricity,purchased-electricity/purchased-electricity.component.html,Effective / reference date,purchased-electricity/purchased-electricity.component.html,formControlName=effectiveDate,template-present,editable-if-configure,required,datetime,cbam:configure for writes / cbam:view for reads,n/a-ui-only,effectiveDate,n/a,CbamPurchasedElectricityService,—,NOT_PERSISTED,effective_date,NOT_PERSISTED,no-matching-column,none-or-row-version-conflict,user-guide/08-*.md
purchased-electricity,purchased-electricity/purchased-electricity.component.html,Exported electricity,purchased-electricity/purchased-electricity.component.html,formControlName=exportedQuantity,template-present,editable-if-configure,optional/unknown,t,cbam:configure for writes / cbam:view for reads,n/a-ui-only,exportedQuantity,n/a,CbamPurchasedElectricityService,—,NOT_PERSISTED,exported_quantity,NOT_PERSISTED,no-matching-column,none-or-row-version-conflict,user-guide/08-*.md
purchased-electricity,purchased-electricity/purchased-electricity.component.html,Unit,purchased-electricity/purchased-electricity.component.html,formControlName=exportedUnit,template-present,editable-if-configure,optional/unknown,—,cbam:configure for writes / cbam:view for reads,n/a-ui-only,exportedUnit,n/a,CbamPurchasedElectricityService,—,NOT_PERSISTED,exported_unit,NOT_PERSISTED,no-matching-column,none-or-row-version-conflict,user-guide/08-*.md
purchased-electricity,purchased-electricity/purchased-electricity.component.html,Evidence notes,purchased-electricity/purchased-electricity.component.html,formControlName=evidenceNotes,template-present,editable-if-configure,optional/unknown,—,cbam:configure for writes / cbam:view for reads,POST …/purchased-electricity/executions; GET summary|results|default-factor,evidenceNotes,CbamPurchasedElectricityResult ORM / API DTO,CbamPurchasedElectricityService,CbamPurchasedElectricityResult,cbam_purchased_electricity_results,evidence_notes,SNAPSHOT,server-authoritative,stale-until-recalculate-or-new-execution,user-guide/08-*.md
purchased-electricity,purchased-electricity/purchased-electricity.component.html,created,purchased-electricity/purchased-electricity.component.html,table-column:created,when-rows,read-only-display,n/a,datetime,cbam:view,n/a-ui-only,created,n/a,CbamPurchasedElectricityService,—,NOT_PERSISTED,created,NOT_PERSISTED,no-matching-column,none-or-row-version-conflict,user-guide/08-*.md
purchased-electricity,purchased-electricity/purchased-electricity.component.html,electricity,purchased-electricity/purchased-electricity.component.html,table-column:electricity,when-rows,read-only-display,n/a,MWh,cbam:view,n/a-ui-only,electricity,n/a,CbamPurchasedElectricityService,—,NOT_PERSISTED,electricity,NOT_PERSISTED,no-matching-column,none-or-row-version-conflict,user-guide/08-*.md
purchased-electricity,purchased-electricity/purchased-electricity.component.html,factorSource,purchased-electricity/purchased-electricity.component.html,table-column:factorSource,when-rows,read-only-display,n/a,factor-unit,cbam:view,n/a-ui-only,factorSource,n/a,CbamPurchasedElectricityService,—,NOT_PERSISTED,factor_source,NOT_PERSISTED,no-matching-column,none-or-row-version-conflict,user-guide/08-*.md
purchased-electricity,purchased-electricity/purchased-electricity.component.html,factor,purchased-electricity/purchased-electricity.component.html,table-column:factor,when-rows,read-only-display,n/a,factor-unit,cbam:view,n/a-ui-only,factor,n/a,CbamPurchasedElectricityService,—,NOT_PERSISTED,factor,NOT_PERSISTED,no-matching-column,none-or-row-version-conflict,user-guide/08-*.md
purchased-electricity,purchased-electricity/purchased-electricity.component.html,emissions,purchased-electricity/purchased-electricity.component.html,table-column:emissions,when-rows,read-only-display,n/a,tCO2e,cbam:view,n/a-ui-only,emissions,n/a,CbamPurchasedElectricityService,—,NOT_PERSISTED,emissions,NOT_PERSISTED,no-matching-column,none-or-row-version-conflict,user-guide/08-*.md
purchased-electricity,purchased-electricity/purchased-electricity.component.html,status,purchased-electricity/purchased-electricity.component.html,table-column:status,when-rows,read-only-display,n/a,—,cbam:view,POST …/purchased-electricity/executions; GET summary|results|default-factor,status,CbamPurchasedElectricityResult ORM / API DTO,CbamPurchasedElectricityService,CbamPurchasedElectricityResult,cbam_purchased_electricity_results,status,DERIVED_STATUS,server-authoritative,none-or-row-version-conflict,user-guide/08-*.md
purchased-electricity,purchased-electricity/purchased-electricity.component.html,actions,purchased-electricity/purchased-electricity.component.html,table-column:actions,when-rows,read-only-display,n/a,—,cbam:view,n/a-ui-only,actions,n/a,CbamPurchasedElectricityService,—,NOT_PERSISTED,actions,NOT_PERSISTED,no-matching-column,none-or-row-version-conflict,user-guide/08-*.md
purchased-electricity,purchased-electricity/purchased-electricity.component.html,Electricity record,purchased-electricity/purchased-electricity.component.html,mat-label,template-present,label,n/a,MWh,cbam:view,n/a-ui-only,—,n/a,CbamPurchasedElectricityService,—,NOT_PERSISTED,UI_ONLY,NOT_PERSISTED,n/a-display-or-derived,none-or-row-version-conflict,user-guide/08-*.md
purchased-electricity,purchased-electricity/purchased-electricity.component.html,Factor value,purchased-electricity/purchased-electricity.component.html,mat-label,template-present,label,n/a,factor-unit,cbam:view,n/a-ui-only,—,n/a,CbamPurchasedElectricityService,—,NOT_PERSISTED,UI_ONLY,NOT_PERSISTED,n/a-display-or-derived,none-or-row-version-conflict,user-guide/08-*.md
purchased-electricity,purchased-electricity/purchased-electricity.component.html,Factor unit,purchased-electricity/purchased-electricity.component.html,mat-label,template-present,label,n/a,factor-unit,cbam:view,n/a-ui-only,—,n/a,CbamPurchasedElectricityService,—,NOT_PERSISTED,UI_ONLY,NOT_PERSISTED,n/a-display-or-derived,none-or-row-version-conflict,user-guide/08-*.md
purchased-electricity,purchased-electricity/purchased-electricity.component.html,Source name,purchased-electricity/purchased-electricity.component.html,mat-label,template-present,label,n/a,—,cbam:view,n/a-ui-only,—,n/a,CbamPurchasedElectricityService,—,NOT_PERSISTED,UI_ONLY,NOT_PERSISTED,n/a-display-or-derived,none-or-row-version-conflict,user-guide/08-*.md
purchased-electricity,purchased-electricity/purchased-electricity.component.html,Source document,purchased-electricity/purchased-electricity.component.html,mat-label,template-present,label,n/a,—,cbam:view,n/a-ui-only,—,n/a,CbamPurchasedElectricityService,—,NOT_PERSISTED,UI_ONLY,NOT_PERSISTED,n/a-display-or-derived,none-or-row-version-conflict,user-guide/08-*.md
purchased-electricity,purchased-electricity/purchased-electricity.component.html,Dataset / version,purchased-electricity/purchased-electricity.component.html,mat-label,template-present,label,n/a,—,cbam:view,n/a-ui-only,—,n/a,CbamPurchasedElectricityService,—,NOT_PERSISTED,UI_ONLY,NOT_PERSISTED,n/a-display-or-derived,none-or-row-version-conflict,user-guide/08-*.md
purchased-electricity,purchased-electricity/purchased-electricity.component.html,Reference description,purchased-electricity/purchased-electricity.component.html,mat-label,template-present,label,n/a,—,cbam:view,n/a-ui-only,—,n/a,CbamPurchasedElectricityService,—,NOT_PERSISTED,UI_ONLY,NOT_PERSISTED,n/a-display-or-derived,none-or-row-version-conflict,user-guide/08-*.md
purchased-electricity,purchased-electricity/purchased-electricity.component.html,Effective / reference date,purchased-electricity/purchased-electricity.component.html,mat-label,template-present,label,n/a,datetime,cbam:view,n/a-ui-only,—,n/a,CbamPurchasedElectricityService,—,NOT_PERSISTED,UI_ONLY,NOT_PERSISTED,n/a-display-or-derived,none-or-row-version-conflict,user-guide/08-*.md
purchased-electricity,purchased-electricity/purchased-electricity.component.html,Exported electricity,purchased-electricity/purchased-electricity.component.html,mat-label,template-present,label,n/a,MWh,cbam:view,n/a-ui-only,—,n/a,CbamPurchasedElectricityService,—,NOT_PERSISTED,UI_ONLY,NOT_PERSISTED,n/a-display-or-derived,none-or-row-version-conflict,user-guide/08-*.md
purchased-electricity,purchased-electricity/purchased-electricity.component.html,Unit,purchased-electricity/purchased-electricity.component.html,mat-label,template-present,label,n/a,—,cbam:view,n/a-ui-only,—,n/a,CbamPurchasedElectricityService,—,NOT_PERSISTED,UI_ONLY,NOT_PERSISTED,n/a-display-or-derived,none-or-row-version-conflict,user-guide/08-*.md
purchased-electricity,purchased-electricity/purchased-electricity.component.html,Evidence notes,purchased-electricity/purchased-electricity.component.html,mat-label,template-present,label,n/a,—,cbam:view,n/a-ui-only,—,n/a,CbamPurchasedElectricityService,—,NOT_PERSISTED,UI_ONLY,NOT_PERSISTED,n/a-display-or-derived,none-or-row-version-conflict,user-guide/08-*.md
purchased-electricity,purchased-electricity/purchased-electricity.component.html,[display:result-badge],purchased-electricity/purchased-electricity.component.html,"class=""result-badge""",conditional-css,read-only,n/a,—,cbam:view,POST …/purchased-electricity/executions; GET summary|results|default-factor,—,n/a,CbamPurchasedElectricityService,—,DERIVED_STATUS,UI_STATUS,DERIVED_STATUS,n/a-display-or-derived,may reflect stale,user-guide/08-*.md
purchased-precursors,purchased-precursors/purchased-precursors.component.html,Installation,purchased-precursors/purchased-precursors.component.html,formControlName=installationProfileId,template-present,editable-if-configure,required,—,cbam:configure for writes / cbam:view for reads,GET|POST|PATCH …/purchased-precursors; POST …/default-values/resolve,installationProfileId,CbamPurchasedPrecursor ORM / API DTO,CbamPurchasedPrecursorService,CbamPurchasedPrecursor,cbam_purchased_precursors,installation_profile_id,USER_INPUT,required-client+server,none-or-row-version-conflict,user-guide/10-*.md
purchased-precursors,purchased-precursors/purchased-precursors.component.html,Precursor name,purchased-precursors/purchased-precursors.component.html,formControlName=name,template-present,editable-if-configure,optional/unknown,—,cbam:configure for writes / cbam:view for reads,GET|POST|PATCH …/purchased-precursors; POST …/default-values/resolve,name,CbamPurchasedPrecursor ORM / API DTO,CbamPurchasedPrecursorService,CbamPurchasedPrecursor,cbam_purchased_precursors,name,USER_INPUT,server-schema,none-or-row-version-conflict,user-guide/10-*.md
purchased-precursors,purchased-precursors/purchased-precursors.component.html,Precursor name,purchased-precursors/purchased-precursors.component.html,formControlName=dataSourceMode,template-present,editable-if-configure,optional/unknown,—,cbam:configure for writes / cbam:view for reads,GET|POST|PATCH …/purchased-precursors; POST …/default-values/resolve,dataSourceMode,CbamPurchasedPrecursor ORM / API DTO,CbamPurchasedPrecursorService,CbamPurchasedPrecursor,cbam_purchased_precursors,data_source_mode,USER_INPUT,server-schema,none-or-row-version-conflict,user-guide/10-*.md
purchased-precursors,purchased-precursors/purchased-precursors.component.html,Identifier,purchased-precursors/purchased-precursors.component.html,formControlName=identifier,template-present,editable-if-configure,optional/unknown,—,cbam:configure for writes / cbam:view for reads,GET|POST|PATCH …/purchased-precursors; POST …/default-values/resolve,identifier,CbamPurchasedPrecursor ORM / API DTO,CbamPurchasedPrecursorService,CbamPurchasedPrecursor,cbam_purchased_precursors,identifier,USER_INPUT,server-schema,none-or-row-version-conflict,user-guide/10-*.md
purchased-precursors,purchased-precursors/purchased-precursors.component.html,Aggregated goods category,purchased-precursors/purchased-precursors.component.html,formControlName=aggregatedGoodsCategory,template-present,editable-if-configure,optional/unknown,—,cbam:configure for writes / cbam:view for reads,GET|POST|PATCH …/purchased-precursors; POST …/default-values/resolve,aggregatedGoodsCategory,CbamPurchasedPrecursor ORM / API DTO,CbamPurchasedPrecursorService,CbamPurchasedPrecursor,cbam_purchased_precursors,aggregated_goods_category,USER_INPUT,server-schema,none-or-row-version-conflict,user-guide/10-*.md
purchased-precursors,purchased-precursors/purchased-precursors.component.html,Purchased input record,purchased-precursors/purchased-precursors.component.html,formControlName=purchasedInputRecordId,template-present,editable-if-configure,optional/unknown,—,cbam:configure for writes / cbam:view for reads,GET|POST|PATCH …/purchased-precursors; POST …/default-values/resolve,purchasedInputRecordId,CbamPurchasedPrecursor ORM / API DTO,CbamPurchasedPrecursorService,CbamPurchasedPrecursor,cbam_purchased_precursors,purchased_input_record_id,USER_INPUT,server-schema,none-or-row-version-conflict,user-guide/10-*.md
purchased-precursors,purchased-precursors/purchased-precursors.component.html,Supplier,purchased-precursors/purchased-precursors.component.html,formControlName=supplierId,template-present,editable-if-configure,optional/unknown,—,cbam:configure for writes / cbam:view for reads,GET|POST|PATCH …/purchased-precursors; POST …/default-values/resolve,supplierId,CbamPurchasedPrecursor ORM / API DTO,CbamPurchasedPrecursorService,CbamPurchasedPrecursor,cbam_purchased_precursors,supplier_id,USER_INPUT,server-schema,none-or-row-version-conflict,user-guide/10-*.md
purchased-precursors,purchased-precursors/purchased-precursors.component.html,CN code,purchased-precursors/purchased-precursors.component.html,formControlName=cnSearch,template-present,editable-if-configure,optional/unknown,—,cbam:configure for writes / cbam:view for reads,n/a-ui-only,cnSearch,n/a,CbamPurchasedPrecursorService,—,NOT_PERSISTED,cn_search,NOT_PERSISTED,no-matching-column,none-or-row-version-conflict,user-guide/10-*.md
purchased-precursors,purchased-precursors/purchased-precursors.component.html,Country of origin,purchased-precursors/purchased-precursors.component.html,formControlName=countryOfOrigin,template-present,editable-if-configure,optional/unknown,—,cbam:configure for writes / cbam:view for reads,GET|POST|PATCH …/purchased-precursors; POST …/default-values/resolve,countryOfOrigin,CbamPurchasedPrecursor ORM / API DTO,CbamPurchasedPrecursorService,CbamPurchasedPrecursor,cbam_purchased_precursors,country_of_origin,USER_INPUT,server-schema,none-or-row-version-conflict,user-guide/10-*.md
purchased-precursors,purchased-precursors/purchased-precursors.component.html,Production route,purchased-precursors/purchased-precursors.component.html,formControlName=productionRoute,template-present,editable-if-configure,optional/unknown,t,cbam:configure for writes / cbam:view for reads,GET|POST|PATCH …/purchased-precursors; POST …/default-values/resolve,productionRoute,CbamPurchasedPrecursor ORM / API DTO,CbamPurchasedPrecursorService,CbamPurchasedPrecursor,cbam_purchased_precursors,production_route,USER_INPUT,server-schema,none-or-row-version-conflict,user-guide/10-*.md
purchased-precursors,purchased-precursors/purchased-precursors.component.html,Purchased quantity,purchased-precursors/purchased-precursors.component.html,formControlName=quantity,template-present,editable-if-configure,optional/unknown,t,cbam:configure for writes / cbam:view for reads,GET|POST|PATCH …/purchased-precursors; POST …/default-values/resolve,quantity,CbamPurchasedPrecursor ORM / API DTO,CbamPurchasedPrecursorService,CbamPurchasedPrecursor,cbam_purchased_precursors,quantity,USER_INPUT,server-schema,none-or-row-version-conflict,user-guide/10-*.md
purchased-precursors,purchased-precursors/purchased-precursors.component.html,Unit,purchased-precursors/purchased-precursors.component.html,formControlName=quantityUnit,template-present,editable-if-configure,optional/unknown,t,cbam:configure for writes / cbam:view for reads,GET|POST|PATCH …/purchased-precursors; POST …/default-values/resolve,quantityUnit,CbamPurchasedPrecursor ORM / API DTO,CbamPurchasedPrecursorService,CbamPurchasedPrecursor,cbam_purchased_precursors,quantity_unit,USER_INPUT,server-schema,none-or-row-version-conflict,user-guide/10-*.md
purchased-precursors,purchased-precursors/purchased-precursors.component.html,Data source mode,purchased-precursors/purchased-precursors.component.html,formControlName=dataSourceMode,template-present,editable-if-configure,optional/unknown,—,cbam:configure for writes / cbam:view for reads,GET|POST|PATCH …/purchased-precursors; POST …/default-values/resolve,dataSourceMode,CbamPurchasedPrecursor ORM / API DTO,CbamPurchasedPrecursorService,CbamPurchasedPrecursor,cbam_purchased_precursors,data_source_mode,USER_INPUT,server-schema,none-or-row-version-conflict,user-guide/10-*.md
purchased-precursors,purchased-precursors/purchased-precursors.component.html,Specific direct embedded emissions ({{ specificDirectUnit() }}),purchased-precursors/purchased-precursors.component.html,formControlName=specificDirectEmbeddedEmissions,template-present,editable-if-configure,optional/unknown,tCO2e,cbam:configure for writes / cbam:view for reads,GET|POST|PATCH …/purchased-precursors; POST …/default-values/resolve,specificDirectEmbeddedEmissions,CbamPurchasedPrecursor ORM / API DTO,CbamPurchasedPrecursorService,CbamPurchasedPrecursor,cbam_purchased_precursors,specific_direct_embedded_emissions,USER_INPUT,server-schema,none-or-row-version-conflict,user-guide/10-*.md
purchased-precursors,purchased-precursors/purchased-precursors.component.html,Direct value source,purchased-precursors/purchased-precursors.component.html,formControlName=specificDirectSourceCode,template-present,editable-if-configure,optional/unknown,—,cbam:configure for writes / cbam:view for reads,GET|POST|PATCH …/purchased-precursors; POST …/default-values/resolve,specificDirectSourceCode,CbamPurchasedPrecursor ORM / API DTO,CbamPurchasedPrecursorService,CbamPurchasedPrecursor,cbam_purchased_precursors,specific_direct_source_code,USER_INPUT,server-schema,none-or-row-version-conflict,user-guide/10-*.md
purchased-precursors,purchased-precursors/purchased-precursors.component.html,Electricity consumption intensity ({{ electricityIntensityUnit() }}),purchased-precursors/purchased-precursors.component.html,formControlName=electricityConsumptionIntensity,template-present,editable-if-configure,optional/unknown,MWh,cbam:configure for writes / cbam:view for reads,GET|POST|PATCH …/purchased-precursors; POST …/default-values/resolve,electricityConsumptionIntensity,CbamPurchasedPrecursor ORM / API DTO,CbamPurchasedPrecursorService,CbamPurchasedPrecursor,cbam_purchased_precursors,electricity_consumption_intensity,USER_INPUT,server-schema,none-or-row-version-conflict,user-guide/10-*.md
purchased-precursors,purchased-precursors/purchased-precursors.component.html,Electricity intensity source,purchased-precursors/purchased-precursors.component.html,formControlName=electricityIntensitySourceCode,template-present,editable-if-configure,optional/unknown,MWh,cbam:configure for writes / cbam:view for reads,GET|POST|PATCH …/purchased-precursors; POST …/default-values/resolve,electricityIntensitySourceCode,CbamPurchasedPrecursor ORM / API DTO,CbamPurchasedPrecursorService,CbamPurchasedPrecursor,cbam_purchased_precursors,electricity_intensity_source_code,USER_INPUT,server-schema,none-or-row-version-conflict,user-guide/10-*.md
purchased-precursors,purchased-precursors/purchased-precursors.component.html,Electricity emission factor ({{ electricityEfUnit() }}),purchased-precursors/purchased-precursors.component.html,formControlName=electricityEmissionFactor,template-present,editable-if-configure,optional/unknown,tCO2e,cbam:configure for writes / cbam:view for reads,GET|POST|PATCH …/purchased-precursors; POST …/default-values/resolve,electricityEmissionFactor,CbamPurchasedPrecursor ORM / API DTO,CbamPurchasedPrecursorService,CbamPurchasedPrecursor,cbam_purchased_precursors,electricity_emission_factor,USER_INPUT,server-schema,none-or-row-version-conflict,user-guide/10-*.md
purchased-precursors,purchased-precursors/purchased-precursors.component.html,Electricity factor source,purchased-precursors/purchased-precursors.component.html,formControlName=electricityEfSourceCode,template-present,editable-if-configure,optional/unknown,MWh,cbam:configure for writes / cbam:view for reads,GET|POST|PATCH …/purchased-precursors; POST …/default-values/resolve,electricityEfSourceCode,CbamPurchasedPrecursor ORM / API DTO,CbamPurchasedPrecursorService,CbamPurchasedPrecursor,cbam_purchased_precursors,electricity_ef_source_code,USER_INPUT,server-schema,none-or-row-version-conflict,user-guide/10-*.md
purchased-precursors,purchased-precursors/purchased-precursors.component.html,Country,purchased-precursors/purchased-precursors.component.html,formControlName=country,template-present,editable-if-configure,optional/unknown,—,cbam:configure for writes / cbam:view for reads,n/a-ui-only,country,n/a,CbamPurchasedPrecursorService,—,NOT_PERSISTED,country,NOT_PERSISTED,no-matching-column,none-or-row-version-conflict,user-guide/10-*.md
purchased-precursors,purchased-precursors/purchased-precursors.component.html,CN code,purchased-precursors/purchased-precursors.component.html,formControlName=cn,template-present,editable-if-configure,optional/unknown,—,cbam:configure for writes / cbam:view for reads,n/a-ui-only,cn,n/a,CbamPurchasedPrecursorService,—,NOT_PERSISTED,cn,NOT_PERSISTED,no-matching-column,none-or-row-version-conflict,user-guide/10-*.md
purchased-precursors,purchased-precursors/purchased-precursors.component.html,Production route,purchased-precursors/purchased-precursors.component.html,formControlName=route,template-present,editable-if-configure,optional/unknown,t,cbam:configure for writes / cbam:view for reads,n/a-ui-only,route,n/a,CbamPurchasedPrecursorService,—,NOT_PERSISTED,route,NOT_PERSISTED,no-matching-column,none-or-row-version-conflict,user-guide/10-*.md
purchased-precursors,purchased-precursors/purchased-precursors.component.html,Goods description,purchased-precursors/purchased-precursors.component.html,formControlName=description,template-present,editable-if-configure,optional/unknown,—,cbam:configure for writes / cbam:view for reads,GET|POST|PATCH …/purchased-precursors; POST …/default-values/resolve,description,n/a,CbamPurchasedPrecursorService,—,NOT_PERSISTED,description,NOT_PERSISTED,ambiguous-column-multiple-tables,none-or-row-version-conflict,user-guide/10-*.md
purchased-precursors,purchased-precursors/purchased-precursors.component.html,Goods description,purchased-precursors/purchased-precursors.component.html,formControlName=includeOtherCountries,template-present,editable-if-configure,optional/unknown,—,cbam:configure for writes / cbam:view for reads,n/a-ui-only,includeOtherCountries,n/a,CbamPurchasedPrecursorService,—,NOT_PERSISTED,include_other_countries,NOT_PERSISTED,no-matching-column,none-or-row-version-conflict,user-guide/10-*.md
purchased-precursors,purchased-precursors/purchased-precursors.component.html,Justification for using a default value,purchased-precursors/purchased-precursors.component.html,formControlName=defaultJustificationCode,template-present,editable-if-configure,optional/unknown,—,cbam:configure for writes / cbam:view for reads,GET|POST|PATCH …/purchased-precursors; POST …/default-values/resolve,defaultJustificationCode,CbamPurchasedPrecursor ORM / API DTO,CbamPurchasedPrecursorService,CbamPurchasedPrecursor,cbam_purchased_precursors,default_justification_code,USER_INPUT,server-schema,none-or-row-version-conflict,user-guide/10-*.md
purchased-precursors,purchased-precursors/purchased-precursors.component.html,Provenance notes,purchased-precursors/purchased-precursors.component.html,formControlName=provenanceNotes,template-present,editable-if-configure,optional/unknown,—,cbam:configure for writes / cbam:view for reads,GET|POST|PATCH …/purchased-precursors; POST …/default-values/resolve,provenanceNotes,CbamPurchasedPrecursor ORM / API DTO,CbamPurchasedPrecursorService,CbamPurchasedPrecursor,cbam_purchased_precursors,provenance_notes,USER_INPUT,server-schema,none-or-row-version-conflict,user-guide/10-*.md
purchased-precursors,purchased-precursors/purchased-precursors.component.html,Evidence reference,purchased-precursors/purchased-precursors.component.html,formControlName=evidenceReference,template-present,editable-if-configure,optional/unknown,—,cbam:configure for writes / cbam:view for reads,GET|POST|PATCH …/purchased-precursors; POST …/default-values/resolve,evidenceReference,CbamPurchasedPrecursor ORM / API DTO,CbamPurchasedPrecursorService,CbamPurchasedPrecursor,cbam_purchased_precursors,evidence_reference,USER_INPUT,server-schema,none-or-row-version-conflict,user-guide/10-*.md
purchased-precursors,purchased-precursors/purchased-precursors.component.html,Target product,purchased-precursors/purchased-precursors.component.html,formControlName=targetProductProfileVersionId,template-present,editable-if-configure,optional/unknown,—,cbam:configure for writes / cbam:view for reads,GET|POST|PATCH …/purchased-precursors; POST …/default-values/resolve,targetProductProfileVersionId,CbamPurchasedPrecursorProductUse ORM / API DTO,CbamPurchasedPrecursorService,CbamPurchasedPrecursorProductUse,cbam_purchased_precursor_product_uses,target_product_profile_version_id,USER_INPUT,server-schema,none-or-row-version-conflict,user-guide/10-*.md
purchased-precursors,purchased-precursors/purchased-precursors.component.html,Quantity,purchased-precursors/purchased-precursors.component.html,formControlName=quantity,template-present,editable-if-configure,optional/unknown,t,cbam:configure for writes / cbam:view for reads,GET|POST|PATCH …/purchased-precursors; POST …/default-values/resolve,quantity,CbamPurchasedPrecursor ORM / API DTO,CbamPurchasedPrecursorService,CbamPurchasedPrecursor,cbam_purchased_precursors,quantity,USER_INPUT,server-schema,none-or-row-version-conflict,user-guide/10-*.md
purchased-precursors,purchased-precursors/purchased-precursors.component.html,Unit,purchased-precursors/purchased-precursors.component.html,formControlName=unit,template-present,editable-if-configure,optional/unknown,—,cbam:configure for writes / cbam:view for reads,GET|POST|PATCH …/purchased-precursors; POST …/default-values/resolve,unit,CbamPurchasedPrecursorProductUse ORM / API DTO,CbamPurchasedPrecursorService,CbamPurchasedPrecursorProductUse,cbam_purchased_precursor_product_uses,unit,USER_INPUT,server-schema,none-or-row-version-conflict,user-guide/10-*.md
purchased-precursors,purchased-precursors/purchased-precursors.component.html,Quantity,purchased-precursors/purchased-precursors.component.html,formControlName=nonCbamQuantity,template-present,editable-if-configure,optional/unknown,t,cbam:configure for writes / cbam:view for reads,GET|POST|PATCH …/purchased-precursors; POST …/default-values/resolve,nonCbamQuantity,CbamPurchasedPrecursor ORM / API DTO,CbamPurchasedPrecursorService,CbamPurchasedPrecursor,cbam_purchased_precursors,non_cbam_quantity,USER_INPUT,server-schema,none-or-row-version-conflict,user-guide/10-*.md
purchased-precursors,purchased-precursors/purchased-precursors.component.html,Unit,purchased-precursors/purchased-precursors.component.html,formControlName=nonCbamQuantityUnit,template-present,editable-if-configure,optional/unknown,t,cbam:configure for writes / cbam:view for reads,GET|POST|PATCH …/purchased-precursors; POST …/default-values/resolve,nonCbamQuantityUnit,CbamPurchasedPrecursor ORM / API DTO,CbamPurchasedPrecursorService,CbamPurchasedPrecursor,cbam_purchased_precursors,non_cbam_quantity_unit,USER_INPUT,server-schema,none-or-row-version-conflict,user-guide/10-*.md
purchased-precursors,purchased-precursors/purchased-precursors.component.html,Notes,purchased-precursors/purchased-precursors.component.html,formControlName=notes,template-present,editable-if-configure,optional/unknown,—,cbam:configure for writes / cbam:view for reads,GET|POST|PATCH …/purchased-precursors; POST …/default-values/resolve,notes,CbamPurchasedPrecursor ORM / API DTO,CbamPurchasedPrecursorService,CbamPurchasedPrecursor,cbam_purchased_precursors,notes,USER_INPUT,server-schema,none-or-row-version-conflict,user-guide/10-*.md
purchased-precursors,purchased-precursors/purchased-precursors.component.html,name,purchased-precursors/purchased-precursors.component.html,table-column:name,when-rows,read-only-display,n/a,—,cbam:view,GET|POST|PATCH …/purchased-precursors; POST …/default-values/resolve,name,CbamPurchasedPrecursor ORM / API DTO,CbamPurchasedPrecursorService,CbamPurchasedPrecursor,cbam_purchased_precursors,name,USER_INPUT,server-schema,none-or-row-version-conflict,user-guide/10-*.md
purchased-precursors,purchased-precursors/purchased-precursors.component.html,mode,purchased-precursors/purchased-precursors.component.html,table-column:mode,when-rows,read-only-display,n/a,—,cbam:view,n/a-ui-only,mode,n/a,CbamPurchasedPrecursorService,—,NOT_PERSISTED,mode,NOT_PERSISTED,no-matching-column,none-or-row-version-conflict,user-guide/10-*.md
purchased-precursors,purchased-precursors/purchased-precursors.component.html,quantity,purchased-precursors/purchased-precursors.component.html,table-column:quantity,when-rows,read-only-display,n/a,t,cbam:view,GET|POST|PATCH …/purchased-precursors; POST …/default-values/resolve,quantity,CbamPurchasedPrecursor ORM / API DTO,CbamPurchasedPrecursorService,CbamPurchasedPrecursor,cbam_purchased_precursors,quantity,USER_INPUT,server-schema,none-or-row-version-conflict,user-guide/10-*.md
purchased-precursors,purchased-precursors/purchased-precursors.component.html,status,purchased-precursors/purchased-precursors.component.html,table-column:status,when-rows,read-only-display,n/a,—,cbam:view,GET|POST|PATCH …/purchased-precursors; POST …/default-values/resolve,status,CbamPurchasedPrecursor ORM / API DTO,CbamPurchasedPrecursorService,CbamPurchasedPrecursor,cbam_purchased_precursors,status,USER_INPUT,server-schema,none-or-row-version-conflict,user-guide/10-*.md
purchased-precursors,purchased-precursors/purchased-precursors.component.html,balance,purchased-precursors/purchased-precursors.component.html,table-column:balance,when-rows,read-only-display,n/a,—,cbam:view,GET|POST|PATCH …/purchased-precursors; POST …/default-values/resolve,balance,n/a,CbamPurchasedPrecursorService,—,DERIVED_STATUS,balance,DERIVED_STATUS,no-matching-column,may-reflect-stale-upstream,user-guide/10-*.md
purchased-precursors,purchased-precursors/purchased-precursors.component.html,actions,purchased-precursors/purchased-precursors.component.html,table-column:actions,when-rows,read-only-display,n/a,—,cbam:view,n/a-ui-only,actions,n/a,CbamPurchasedPrecursorService,—,NOT_PERSISTED,actions,NOT_PERSISTED,no-matching-column,none-or-row-version-conflict,user-guide/10-*.md
purchased-precursors,purchased-precursors/purchased-precursors.component.html,identity,purchased-precursors/purchased-precursors.component.html,table-column:identity,when-rows,read-only-display,n/a,—,cbam:view,n/a-ui-only,identity,n/a,CbamPurchasedPrecursorService,—,NOT_PERSISTED,identity,NOT_PERSISTED,no-matching-column,none-or-row-version-conflict,user-guide/10-*.md
purchased-precursors,purchased-precursors/purchased-precursors.component.html,direct,purchased-precursors/purchased-precursors.component.html,table-column:direct,when-rows,read-only-display,n/a,—,cbam:view,n/a-ui-only,direct,n/a,CbamPurchasedPrecursorService,—,NOT_PERSISTED,direct,NOT_PERSISTED,no-matching-column,none-or-row-version-conflict,user-guide/10-*.md
purchased-precursors,purchased-precursors/purchased-precursors.component.html,indirect,purchased-precursors/purchased-precursors.component.html,table-column:indirect,when-rows,read-only-display,n/a,—,cbam:view,n/a-ui-only,indirect,n/a,CbamPurchasedPrecursorService,—,NOT_PERSISTED,indirect,NOT_PERSISTED,no-matching-column,none-or-row-version-conflict,user-guide/10-*.md
purchased-precursors,purchased-precursors/purchased-precursors.component.html,Installation,purchased-precursors/purchased-precursors.component.html,mat-label,template-present,label,n/a,—,cbam:view,n/a-ui-only,—,n/a,CbamPurchasedPrecursorService,—,NOT_PERSISTED,UI_ONLY,NOT_PERSISTED,n/a-display-or-derived,none-or-row-version-conflict,user-guide/10-*.md
purchased-precursors,purchased-precursors/purchased-precursors.component.html,Precursor name,purchased-precursors/purchased-precursors.component.html,mat-label,template-present,label,n/a,—,cbam:view,n/a-ui-only,—,n/a,CbamPurchasedPrecursorService,—,NOT_PERSISTED,UI_ONLY,NOT_PERSISTED,n/a-display-or-derived,none-or-row-version-conflict,user-guide/10-*.md
purchased-precursors,purchased-precursors/purchased-precursors.component.html,Identifier,purchased-precursors/purchased-precursors.component.html,mat-label,template-present,label,n/a,—,cbam:view,n/a-ui-only,—,n/a,CbamPurchasedPrecursorService,—,NOT_PERSISTED,UI_ONLY,NOT_PERSISTED,n/a-display-or-derived,none-or-row-version-conflict,user-guide/10-*.md
purchased-precursors,purchased-precursors/purchased-precursors.component.html,Aggregated goods category,purchased-precursors/purchased-precursors.component.html,mat-label,template-present,label,n/a,—,cbam:view,n/a-ui-only,—,n/a,CbamPurchasedPrecursorService,—,NOT_PERSISTED,UI_ONLY,NOT_PERSISTED,n/a-display-or-derived,none-or-row-version-conflict,user-guide/10-*.md
purchased-precursors,purchased-precursors/purchased-precursors.component.html,Purchased input record,purchased-precursors/purchased-precursors.component.html,mat-label,template-present,label,n/a,—,cbam:view,n/a-ui-only,—,n/a,CbamPurchasedPrecursorService,—,NOT_PERSISTED,UI_ONLY,NOT_PERSISTED,n/a-display-or-derived,none-or-row-version-conflict,user-guide/10-*.md
purchased-precursors,purchased-precursors/purchased-precursors.component.html,Supplier,purchased-precursors/purchased-precursors.component.html,mat-label,template-present,label,n/a,—,cbam:view,n/a-ui-only,—,n/a,CbamPurchasedPrecursorService,—,NOT_PERSISTED,UI_ONLY,NOT_PERSISTED,n/a-display-or-derived,none-or-row-version-conflict,user-guide/10-*.md
purchased-precursors,purchased-precursors/purchased-precursors.component.html,CN code,purchased-precursors/purchased-precursors.component.html,mat-label,template-present,label,n/a,—,cbam:view,n/a-ui-only,—,n/a,CbamPurchasedPrecursorService,—,NOT_PERSISTED,UI_ONLY,NOT_PERSISTED,n/a-display-or-derived,none-or-row-version-conflict,user-guide/10-*.md
purchased-precursors,purchased-precursors/purchased-precursors.component.html,Country of origin,purchased-precursors/purchased-precursors.component.html,mat-label,template-present,label,n/a,—,cbam:view,n/a-ui-only,—,n/a,CbamPurchasedPrecursorService,—,NOT_PERSISTED,UI_ONLY,NOT_PERSISTED,n/a-display-or-derived,none-or-row-version-conflict,user-guide/10-*.md
purchased-precursors,purchased-precursors/purchased-precursors.component.html,Production route,purchased-precursors/purchased-precursors.component.html,mat-label,template-present,label,n/a,t,cbam:view,n/a-ui-only,—,n/a,CbamPurchasedPrecursorService,—,NOT_PERSISTED,UI_ONLY,NOT_PERSISTED,n/a-display-or-derived,none-or-row-version-conflict,user-guide/10-*.md
purchased-precursors,purchased-precursors/purchased-precursors.component.html,Purchased quantity,purchased-precursors/purchased-precursors.component.html,mat-label,template-present,label,n/a,t,cbam:view,n/a-ui-only,—,n/a,CbamPurchasedPrecursorService,—,NOT_PERSISTED,UI_ONLY,NOT_PERSISTED,n/a-display-or-derived,none-or-row-version-conflict,user-guide/10-*.md
purchased-precursors,purchased-precursors/purchased-precursors.component.html,Unit,purchased-precursors/purchased-precursors.component.html,mat-label,template-present,label,n/a,—,cbam:view,n/a-ui-only,—,n/a,CbamPurchasedPrecursorService,—,NOT_PERSISTED,UI_ONLY,NOT_PERSISTED,n/a-display-or-derived,none-or-row-version-conflict,user-guide/10-*.md
purchased-precursors,purchased-precursors/purchased-precursors.component.html,Specific direct embedded emissions ({{ specificDirectUnit() }}),purchased-precursors/purchased-precursors.component.html,mat-label,template-present,label,n/a,tCO2e,cbam:view,n/a-ui-only,—,n/a,CbamPurchasedPrecursorService,—,NOT_PERSISTED,UI_ONLY,NOT_PERSISTED,n/a-display-or-derived,none-or-row-version-conflict,user-guide/10-*.md
purchased-precursors,purchased-precursors/purchased-precursors.component.html,Direct value source,purchased-precursors/purchased-precursors.component.html,mat-label,template-present,label,n/a,—,cbam:view,n/a-ui-only,—,n/a,CbamPurchasedPrecursorService,—,NOT_PERSISTED,UI_ONLY,NOT_PERSISTED,n/a-display-or-derived,none-or-row-version-conflict,user-guide/10-*.md
purchased-precursors,purchased-precursors/purchased-precursors.component.html,Electricity consumption intensity ({{ electricityIntensityUnit() }}),purchased-precursors/purchased-precursors.component.html,mat-label,template-present,label,n/a,MWh,cbam:view,n/a-ui-only,—,n/a,CbamPurchasedPrecursorService,—,NOT_PERSISTED,UI_ONLY,NOT_PERSISTED,n/a-display-or-derived,none-or-row-version-conflict,user-guide/10-*.md
purchased-precursors,purchased-precursors/purchased-precursors.component.html,Electricity intensity source,purchased-precursors/purchased-precursors.component.html,mat-label,template-present,label,n/a,MWh,cbam:view,n/a-ui-only,—,n/a,CbamPurchasedPrecursorService,—,NOT_PERSISTED,UI_ONLY,NOT_PERSISTED,n/a-display-or-derived,none-or-row-version-conflict,user-guide/10-*.md
purchased-precursors,purchased-precursors/purchased-precursors.component.html,Electricity emission factor ({{ electricityEfUnit() }}),purchased-precursors/purchased-precursors.component.html,mat-label,template-present,label,n/a,tCO2e,cbam:view,n/a-ui-only,—,n/a,CbamPurchasedPrecursorService,—,NOT_PERSISTED,UI_ONLY,NOT_PERSISTED,n/a-display-or-derived,none-or-row-version-conflict,user-guide/10-*.md
purchased-precursors,purchased-precursors/purchased-precursors.component.html,Electricity factor source,purchased-precursors/purchased-precursors.component.html,mat-label,template-present,label,n/a,MWh,cbam:view,n/a-ui-only,—,n/a,CbamPurchasedPrecursorService,—,NOT_PERSISTED,UI_ONLY,NOT_PERSISTED,n/a-display-or-derived,none-or-row-version-conflict,user-guide/10-*.md
purchased-precursors,purchased-precursors/purchased-precursors.component.html,Country,purchased-precursors/purchased-precursors.component.html,mat-label,template-present,label,n/a,—,cbam:view,n/a-ui-only,—,n/a,CbamPurchasedPrecursorService,—,NOT_PERSISTED,UI_ONLY,NOT_PERSISTED,n/a-display-or-derived,none-or-row-version-conflict,user-guide/10-*.md
purchased-precursors,purchased-precursors/purchased-precursors.component.html,Goods description,purchased-precursors/purchased-precursors.component.html,mat-label,template-present,label,n/a,—,cbam:view,n/a-ui-only,—,n/a,CbamPurchasedPrecursorService,—,NOT_PERSISTED,UI_ONLY,NOT_PERSISTED,n/a-display-or-derived,none-or-row-version-conflict,user-guide/10-*.md
purchased-precursors,purchased-precursors/purchased-precursors.component.html,Justification for using a default value,purchased-precursors/purchased-precursors.component.html,mat-label,template-present,label,n/a,—,cbam:view,n/a-ui-only,—,n/a,CbamPurchasedPrecursorService,—,NOT_PERSISTED,UI_ONLY,NOT_PERSISTED,n/a-display-or-derived,none-or-row-version-conflict,user-guide/10-*.md
purchased-precursors,purchased-precursors/purchased-precursors.component.html,Provenance notes,purchased-precursors/purchased-precursors.component.html,mat-label,template-present,label,n/a,—,cbam:view,n/a-ui-only,—,n/a,CbamPurchasedPrecursorService,—,NOT_PERSISTED,UI_ONLY,NOT_PERSISTED,n/a-display-or-derived,none-or-row-version-conflict,user-guide/10-*.md
purchased-precursors,purchased-precursors/purchased-precursors.component.html,Evidence reference,purchased-precursors/purchased-precursors.component.html,mat-label,template-present,label,n/a,—,cbam:view,n/a-ui-only,—,n/a,CbamPurchasedPrecursorService,—,NOT_PERSISTED,UI_ONLY,NOT_PERSISTED,n/a-display-or-derived,none-or-row-version-conflict,user-guide/10-*.md
purchased-precursors,purchased-precursors/purchased-precursors.component.html,Target product,purchased-precursors/purchased-precursors.component.html,mat-label,template-present,label,n/a,—,cbam:view,n/a-ui-only,—,n/a,CbamPurchasedPrecursorService,—,NOT_PERSISTED,UI_ONLY,NOT_PERSISTED,n/a-display-or-derived,none-or-row-version-conflict,user-guide/10-*.md
purchased-precursors,purchased-precursors/purchased-precursors.component.html,Quantity,purchased-precursors/purchased-precursors.component.html,mat-label,template-present,label,n/a,t,cbam:view,n/a-ui-only,—,n/a,CbamPurchasedPrecursorService,—,NOT_PERSISTED,UI_ONLY,NOT_PERSISTED,n/a-display-or-derived,none-or-row-version-conflict,user-guide/10-*.md
purchased-precursors,purchased-precursors/purchased-precursors.component.html,Notes,purchased-precursors/purchased-precursors.component.html,mat-label,template-present,label,n/a,—,cbam:view,n/a-ui-only,—,n/a,CbamPurchasedPrecursorService,—,NOT_PERSISTED,UI_ONLY,NOT_PERSISTED,n/a-display-or-derived,none-or-row-version-conflict,user-guide/10-*.md
purchased-precursors,purchased-precursors/purchased-precursors.component.html,[display:result-badge],purchased-precursors/purchased-precursors.component.html,"class=""result-badge""",conditional-css,read-only,n/a,—,cbam:view,GET|POST|PATCH …/purchased-precursors; POST …/default-values/resolve,—,n/a,CbamPurchasedPrecursorService,—,DERIVED_STATUS,UI_STATUS,DERIVED_STATUS,n/a-display-or-derived,may reflect stale,user-guide/10-*.md
stationary-combustion,stationary-combustion/stationary-combustion.component.html,Fuel use record,stationary-combustion/stationary-combustion.component.html,formControlName=activityRecordId,template-present,editable-if-configure,required,—,cbam:configure for writes / cbam:view for reads,POST …/stationary-combustion/executions; GET summary|results|fuels,activityRecordId,StationaryCombustionExecute,CbamStationaryCombustionService,CbamStationaryCombustionResult,cbam_stationary_combustion_results,activity_record_id,USER_INPUT,required FK,immutable-snapshot; superseded-via-current-pointer,user-guide/07-*.md
stationary-combustion,stationary-combustion/stationary-combustion.component.html,Calculation date,stationary-combustion/stationary-combustion.component.html,formControlName=calculationReferenceDate,template-present,editable-if-configure,optional/unknown,datetime,cbam:configure for writes / cbam:view for reads,POST …/stationary-combustion/executions; GET summary|results|fuels,calculationReferenceDate,CbamStationaryCombustionResult ORM / API DTO,CbamStationaryCombustionService,CbamStationaryCombustionResult,cbam_stationary_combustion_results,calculation_reference_date,SNAPSHOT,server-authoritative,stale-until-recalculate-or-new-execution,user-guide/07-*.md
stationary-combustion,stationary-combustion/stationary-combustion.component.html,Density,stationary-combustion/stationary-combustion.component.html,formControlName=densityValue,template-present,editable-if-configure,required,density-unit,cbam:configure for writes / cbam:view for reads,POST …/stationary-combustion/executions; GET summary|results|fuels,densityValue,CbamStationaryCombustionResult ORM / API DTO,CbamStationaryCombustionService,CbamStationaryCombustionResult,cbam_stationary_combustion_results,density_value,SNAPSHOT,required-client+server,stale-until-recalculate-or-new-execution,user-guide/07-*.md
stationary-combustion,stationary-combustion/stationary-combustion.component.html,Density unit,stationary-combustion/stationary-combustion.component.html,formControlName=densityUnit,template-present,editable-if-configure,optional/unknown,unit code,cbam:configure for writes / cbam:view for reads,POST …/stationary-combustion/executions; GET summary|results|fuels,densityUnit,StationaryCombustionExecute,CbamStationaryCombustionService,CbamStationaryCombustionResult,cbam_stationary_combustion_results,density_unit,USER_INPUT,required with density,immutable-snapshot; superseded-via-current-pointer,user-guide/07-*.md
stationary-combustion,stationary-combustion/stationary-combustion.component.html,fuel,stationary-combustion/stationary-combustion.component.html,table-column:fuel,when-rows,read-only-display,n/a,—,cbam:view,n/a-ui-only,fuel,n/a,CbamStationaryCombustionService,—,NOT_PERSISTED,fuel,NOT_PERSISTED,no-matching-column,none-or-row-version-conflict,user-guide/07-*.md
stationary-combustion,stationary-combustion/stationary-combustion.component.html,activities,stationary-combustion/stationary-combustion.component.html,table-column:activities,when-rows,read-only-display,n/a,—,cbam:view,n/a-ui-only,activities,n/a,CbamStationaryCombustionService,—,NOT_PERSISTED,activities,NOT_PERSISTED,no-matching-column,none-or-row-version-conflict,user-guide/07-*.md
stationary-combustion,stationary-combustion/stationary-combustion.component.html,mass,stationary-combustion/stationary-combustion.component.html,table-column:mass,when-rows,read-only-display,n/a,t,cbam:view,n/a-ui-only,mass,n/a,CbamStationaryCombustionService,—,NOT_PERSISTED,mass,NOT_PERSISTED,no-matching-column,none-or-row-version-conflict,user-guide/07-*.md
stationary-combustion,stationary-combustion/stationary-combustion.component.html,energy,stationary-combustion/stationary-combustion.component.html,table-column:energy,when-rows,read-only-display,n/a,MWh,cbam:view,n/a-ui-only,energy,n/a,CbamStationaryCombustionService,—,NOT_PERSISTED,energy,NOT_PERSISTED,no-matching-column,none-or-row-version-conflict,user-guide/07-*.md
stationary-combustion,stationary-combustion/stationary-combustion.component.html,fossilCo2,stationary-combustion/stationary-combustion.component.html,table-column:fossilCo2,when-rows,read-only-display,n/a,tCO2e,cbam:view,n/a-ui-only,fossilCo2,n/a,CbamStationaryCombustionService,—,NOT_PERSISTED,fossil_co2,NOT_PERSISTED,no-matching-column,none-or-row-version-conflict,user-guide/07-*.md
stationary-combustion,stationary-combustion/stationary-combustion.component.html,final,stationary-combustion/stationary-combustion.component.html,table-column:final,when-rows,read-only-display,n/a,—,cbam:view,n/a-ui-only,final,n/a,CbamStationaryCombustionService,—,NOT_PERSISTED,final,NOT_PERSISTED,no-matching-column,none-or-row-version-conflict,user-guide/07-*.md
stationary-combustion,stationary-combustion/stationary-combustion.component.html,status,stationary-combustion/stationary-combustion.component.html,table-column:status,when-rows,read-only-display,n/a,—,cbam:view,POST …/stationary-combustion/executions; GET summary|results|fuels,status,CbamActivityRecord ORM / API DTO,CbamStationaryCombustionService,CbamActivityRecord,cbam_activity_records,status,SNAPSHOT,server-authoritative,none-or-row-version-conflict,user-guide/07-*.md
stationary-combustion,stationary-combustion/stationary-combustion.component.html,date,stationary-combustion/stationary-combustion.component.html,table-column:date,when-rows,read-only-display,n/a,datetime,cbam:view,n/a-ui-only,date,n/a,CbamStationaryCombustionService,—,NOT_PERSISTED,date,NOT_PERSISTED,no-matching-column,none-or-row-version-conflict,user-guide/07-*.md
stationary-combustion,stationary-combustion/stationary-combustion.component.html,amount,stationary-combustion/stationary-combustion.component.html,table-column:amount,when-rows,read-only-display,n/a,—,cbam:view,n/a-ui-only,amount,n/a,CbamStationaryCombustionService,—,NOT_PERSISTED,amount,NOT_PERSISTED,no-matching-column,none-or-row-version-conflict,user-guide/07-*.md
stationary-combustion,stationary-combustion/stationary-combustion.component.html,dataset,stationary-combustion/stationary-combustion.component.html,table-column:dataset,when-rows,read-only-display,n/a,—,cbam:view,n/a-ui-only,dataset,n/a,CbamStationaryCombustionService,—,NOT_PERSISTED,dataset,NOT_PERSISTED,no-matching-column,none-or-row-version-conflict,user-guide/07-*.md
stationary-combustion,stationary-combustion/stationary-combustion.component.html,actions,stationary-combustion/stationary-combustion.component.html,table-column:actions,when-rows,read-only-display,n/a,—,cbam:view,n/a-ui-only,actions,n/a,CbamStationaryCombustionService,—,NOT_PERSISTED,actions,NOT_PERSISTED,no-matching-column,none-or-row-version-conflict,user-guide/07-*.md
stationary-combustion,stationary-combustion/stationary-combustion.component.html,Fuel use record,stationary-combustion/stationary-combustion.component.html,mat-label,template-present,label,n/a,—,cbam:view,n/a-ui-only,—,n/a,CbamStationaryCombustionService,—,NOT_PERSISTED,UI_ONLY,NOT_PERSISTED,n/a-display-or-derived,none-or-row-version-conflict,user-guide/07-*.md
stationary-combustion,stationary-combustion/stationary-combustion.component.html,Calculation date,stationary-combustion/stationary-combustion.component.html,mat-label,template-present,label,n/a,datetime,cbam:view,n/a-ui-only,—,n/a,CbamStationaryCombustionService,—,NOT_PERSISTED,UI_ONLY,NOT_PERSISTED,n/a-display-or-derived,none-or-row-version-conflict,user-guide/07-*.md
stationary-combustion,stationary-combustion/stationary-combustion.component.html,Density,stationary-combustion/stationary-combustion.component.html,mat-label,template-present,label,n/a,density-unit,cbam:view,n/a-ui-only,—,n/a,CbamStationaryCombustionService,—,NOT_PERSISTED,UI_ONLY,NOT_PERSISTED,n/a-display-or-derived,none-or-row-version-conflict,user-guide/07-*.md
stationary-combustion,stationary-combustion/stationary-combustion.component.html,Density unit,stationary-combustion/stationary-combustion.component.html,mat-label,template-present,label,n/a,density-unit,cbam:view,n/a-ui-only,—,n/a,CbamStationaryCombustionService,—,NOT_PERSISTED,UI_ONLY,NOT_PERSISTED,n/a-display-or-derived,none-or-row-version-conflict,user-guide/07-*.md
stationary-combustion,stationary-combustion/stationary-combustion.component.html,[display:summary-status],stationary-combustion/stationary-combustion.component.html,"class=""summary-status""",conditional-css,read-only,n/a,—,cbam:view,POST …/stationary-combustion/executions; GET summary|results|fuels,—,n/a,CbamStationaryCombustionService,—,DERIVED_STATUS,UI_STATUS,DERIVED_STATUS,n/a-display-or-derived,may reflect stale,user-guide/07-*.md
stationary-combustion,stationary-combustion/stationary-combustion.component.html,[display:status-text],stationary-combustion/stationary-combustion.component.html,"class=""status-text""",conditional-css,read-only,n/a,—,cbam:view,POST …/stationary-combustion/executions; GET summary|results|fuels,—,n/a,CbamStationaryCombustionService,—,DERIVED_STATUS,UI_STATUS,DERIVED_STATUS,n/a-display-or-derived,may reflect stale,user-guide/07-*.md
stationary-combustion,stationary-combustion/stationary-combustion.component.html,[display:result-badge],stationary-combustion/stationary-combustion.component.html,"class=""result-badge""",conditional-css,read-only,n/a,—,cbam:view,POST …/stationary-combustion/executions; GET summary|results|fuels,—,n/a,CbamStationaryCombustionService,—,DERIVED_STATUS,UI_STATUS,DERIVED_STATUS,n/a-display-or-derived,may reflect stale,user-guide/07-*.md
